X Filtered Pixel; Y Filtered Pixel; X Filtered Normalized; Y Filtered Normalized; X Raw Normalized; Y Raw Normalized; Distance to Camera in mm; Eye Aspect Ratio (Height/Width); Blinking; Timestamp With Milliseconds; Unix Timestamp In Milliseconds; AOI List; Additional Notes
771;447;0.4753179;0.4893492;0.4753179;0.4893492;504.0;0.1716907;False;11/21/2025 4:21:03 PM:623;1763713263623;;
766;448;0.4718324;0.4911223;0.4201594;0.5409545;502.3;0.1736435;False;11/21/2025 4:21:03 PM:644;1763713263644;;
767;448;0.4725316;0.4911258;0.4944908;0.4930207;502.1;0.1696008;True;11/21/2025 4:21:03 PM:666;1763713263666;;
767;448;0.4726687;0.4911457;0.4837227;0.4992434;501.9;0.1696062;True;11/21/2025 4:21:03 PM:684;1763713263684;;
770;448;0.4743971;0.4912018;0.5126025;0.5029061;504.4;0.1698319;True;11/21/2025 4:21:03 PM:704;1763713263704;;
772;449;0.4759149;0.491253;0.5126104;0.5029033;506.8;0.169826;True;11/21/2025 4:21:03 PM:725;1763713263725;;
775;449;0.4773014;0.4914562;0.5129915;0.5115819;508.4;0.1687817;True;11/21/2025 4:21:03 PM:746;1763713263746;;
784;449;0.4832014;0.4915318;0.5574661;0.5067477;509.9;0.1687437;True;11/21/2025 4:21:03 PM:765;1763713263765;;
784;449;0.4829357;0.4916743;0.4718318;0.5111603;511.2;0.1740267;False;11/21/2025 4:21:03 PM:786;1763713263786;;
782;449;0.4821244;0.4918399;0.4601539;0.512594;513.4;0.1752977;False;11/21/2025 4:21:03 PM:807;1763713263807;;
781;449;0.4815234;0.4919654;0.4601541;0.5125934;515.3;0.1752957;False;11/21/2025 4:21:03 PM:825;1763713263825;;
785;449;0.4834953;0.491987;0.5252829;0.4971288;516.4;0.1727382;False;11/21/2025 4:21:03 PM:845;1763713263845;;
787;449;0.4850553;0.4920047;0.5252956;0.4971265;517.3;0.1727301;False;11/21/2025 4:21:03 PM:864;1763713263864;;
787;450;0.4850727;0.492477;0.489474;0.5245056;517.3;0.1808902;False;11/21/2025 4:21:03 PM:884;1763713263884;;
787;450;0.4851388;0.4925207;0.4970264;0.5085874;518.7;0.175965;False;11/21/2025 4:21:03 PM:905;1763713263905;;
787;450;0.4851891;0.4925537;0.4970496;0.5085809;520.0;0.1759667;False;11/21/2025 4:21:03 PM:922;1763713263922;;
790;450;0.4870191;0.4925665;0.5315191;0.5067619;518.7;0.1783117;False;11/21/2025 4:21:03 PM:941;1763713263941;;
792;450;0.4879884;0.4925722;0.5238813;0.5049901;517.5;0.1783099;False;11/21/2025 4:21:03 PM:958;1763713263958;;
793;450;0.4888873;0.4925675;0.5228044;0.4920427;518.0;0.1727279;False;11/21/2025 4:21:03 PM:978;1763713263978;;
789;450;0.4861259;0.4927074;0.4427706;0.5145288;518.2;0.1620977;True;11/21/2025 4:21:03 PM:998;1763713263998;;
787;450;0.4849336;0.4927771;0.4564356;0.5113036;518.5;0.1620515;True;11/21/2025 4:21:04 PM:16;1763713264016;;
788;450;0.4857495;0.4928167;0.516452;0.509421;517.2;0.1671425;True;11/21/2025 4:21:04 PM:35;1763713264035;;
789;450;0.4864112;0.4928495;0.5164725;0.5094159;516.0;0.1671354;True;11/21/2025 4:21:04 PM:52;1763713264052;;
843;450;0.5196894;0.4929256;0.6835746;0.5125892;514.2;0.1634142;True;11/21/2025 4:21:04 PM:72;1763713264072;;
882;450;0.5432726;0.4929886;0.6835744;0.5125872;512.5;0.1633941;True;11/21/2025 4:21:04 PM:89;1763713264089;;
901;450;0.5550563;0.4930159;0.6485069;0.5036994;510.1;0.179124;False;11/21/2025 4:21:04 PM:108;1763713264108;;
949;450;0.5846512;0.493007;0.7343194;0.4920257;507.9;0.1789704;False;11/21/2025 4:21:04 PM:126;1763713264126;;
985;450;0.6065909;0.4929992;0.734354;0.4920152;506.0;0.1789486;False;11/21/2025 4:21:04 PM:144;1763713264144;;
1006;450;0.6198481;0.4926691;0.714278;0.4743254;507.8;0.1641175;True;11/21/2025 4:21:04 PM:162;1763713264162;;
1025;450;0.6316237;0.492415;0.7213702;0.4756149;509.4;0.1640993;True;11/21/2025 4:21:04 PM:180;1763713264180;;
1040;449;0.6406244;0.4922019;0.7213598;0.4756292;510.8;0.1641101;True;11/21/2025 4:21:04 PM:198;1763713264198;;
1050;449;0.6471536;0.4922498;0.7104573;0.5030968;509.0;0.1703958;True;11/21/2025 4:21:04 PM:217;1763713264217;;
1061;449;0.6535961;0.492256;0.7198918;0.4985524;507.3;0.1703985;True;11/21/2025 4:21:04 PM:236;1763713264236;;
1086;449;0.6690021;0.4920843;0.7712392;0.4781853;508.6;0.1729862;False;11/21/2025 4:21:04 PM:256;1763713264256;;
1099;449;0.6769127;0.4920784;0.7518852;0.4901802;508.0;0.177431;False;11/21/2025 4:21:04 PM:274;1763713264274;;
1110;449;0.6838531;0.4920187;0.7594219;0.4828175;507.3;0.1774144;False;11/21/2025 4:21:04 PM:291;1763713264291;;
1115;449;0.6869052;0.4920509;0.73252;0.4998405;505.7;0.1834616;False;11/21/2025 4:21:04 PM:310;1763713264310;;
1119;449;0.6891836;0.4920762;0.7325184;0.4998414;504.3;0.1834567;False;11/21/2025 4:21:04 PM:327;1763713264327;;
1132;449;0.6975276;0.4920879;0.7772875;0.4977847;505.1;0.1900948;False;11/21/2025 4:21:04 PM:348;1763713264348;;
1156;449;0.7121667;0.4916966;0.817;0.4687669;506.4;0.1776288;False;11/21/2025 4:21:04 PM:368;1763713264368;;
1174;448;0.7234483;0.4912159;0.8230033;0.4623951;507.7;0.1778042;False;11/21/2025 4:21:04 PM:385;1763713264385;;
1175;448;0.7240933;0.4911611;0.746362;0.4807907;508.4;0.1875368;False;11/21/2025 4:21:04 PM:403;1763713264403;;
1177;448;0.7248294;0.491035;0.7499975;0.4752154;509.0;0.1875953;False;11/21/2025 4:21:04 PM:423;1763713264423;;
1178;448;0.7255474;0.4910479;0.7511373;0.4939856;509.6;0.1858034;False;11/21/2025 4:21:04 PM:441;1763713264441;;
1178;448;0.7256634;0.4908857;0.7377012;0.4723683;510.0;0.1859343;False;11/21/2025 4:21:04 PM:459;1763713264459;;
1187;448;0.7313751;0.4902847;0.8018273;0.4573197;507.1;0.1953028;False;11/21/2025 4:21:04 PM:478;1763713264478;;
1187;448;0.7313831;0.4903118;0.7351391;0.4942841;504.1;0.1838481;False;11/21/2025 4:21:04 PM:497;1763713264497;;
1188;447;0.7315329;0.4897455;0.746872;0.4546677;501.5;0.1838822;False;11/21/2025 4:21:04 PM:513;1763713264513;;
1211;447;0.745873;0.489791;0.8581718;0.4952381;498.7;0.1923183;False;11/21/2025 4:21:04 PM:531;1763713264531;;
1234;447;0.759936;0.4897957;0.8746011;0.4908393;496.1;0.192329;False;11/21/2025 4:21:04 PM:549;1763713264549;;
1244;447;0.7663657;0.4897927;0.8409504;0.4889116;494.3;0.1811128;False;11/21/2025 4:21:04 PM:567;1763713264567;;
1252;447;0.7711142;0.4897919;0.8401266;0.4841332;492.6;0.1811603;False;11/21/2025 4:21:04 PM:585;1763713264585;;
1261;446;0.7770631;0.4889063;0.8504678;0.4489115;489.3;0.1893261;False;11/21/2025 4:21:04 PM:604;1763713264604;;
1269;446;0.7816289;0.4881939;0.8504726;0.4489048;486.3;0.1893481;False;11/21/2025 4:21:04 PM:622;1763713264622;;
1272;445;0.7832546;0.4873361;0.8260515;0.4449724;483.4;0.1994108;False;11/21/2025 4:21:04 PM:641;1763713264641;;
1277;444;0.7869006;0.4865576;0.8518757;0.4424284;480.7;0.1995583;False;11/21/2025 4:21:04 PM:658;1763713264658;;
1277;444;0.7867918;0.4865812;0.7815995;0.488731;478.6;0.1928702;False;11/21/2025 4:21:04 PM:677;1763713264677;;
1277;444;0.7868298;0.4865669;0.7930364;0.4744671;476.6;0.1928974;False;11/21/2025 4:21:04 PM:694;1763713264694;;
1277;441;0.7868617;0.4834912;0.790804;0.405611;474.1;0.2033332;False;11/21/2025 4:21:04 PM:712;1763713264712;;
1277;439;0.7868903;0.4808249;0.7908185;0.4055934;471.8;0.2034033;False;11/21/2025 4:21:04 PM:730;1763713264730;;
1272;439;0.7836846;0.4810463;0.7361751;0.4919938;471.2;0.2019454;False;11/21/2025 4:21:04 PM:749;1763713264749;;
1272;439;0.7837197;0.4811454;0.7936798;0.4879492;470.8;0.1965899;False;11/21/2025 4:21:04 PM:768;1763713264768;;
1273;439;0.7841282;0.4811941;0.8077539;0.4855029;470.5;0.196612;False;11/21/2025 4:21:04 PM:786;1763713264786;;
1282;439;0.7897674;0.4812214;0.8640388;0.4840021;471.9;0.1918867;False;11/21/2025 4:21:04 PM:804;1763713264804;;
1289;439;0.7942575;0.4812443;0.8640623;0.4839894;473.3;0.191975;False;11/21/2025 4:21:04 PM:821;1763713264821;;
1297;439;0.7988653;0.4812813;0.8666388;0.4852792;474.8;0.1961645;False;11/21/2025 4:21:04 PM:840;1763713264840;;
1299;439;0.8000443;0.4811114;0.8416002;0.4588106;476.1;0.1961778;False;11/21/2025 4:21:04 PM:857;1763713264857;;
1253;438;0.7716056;0.4799289;0.6296003;0.4312226;477.8;0.1873035;False;11/21/2025 4:21:04 PM:877;1763713264877;;
1062;439;0.6544628;0.4805627;0.3950588;0.5060066;484.2;0.1540899;True;11/21/2025 4:21:04 PM:896;1763713264896;;
957;439;0.5894333;0.4810239;0.3950952;0.5060021;490.0;0.1541194;True;11/21/2025 4:21:04 PM:913;1763713264913;;
833;439;0.5132318;0.4809739;0.3281805;0.468072;495.7;0.1591768;True;11/21/2025 4:21:04 PM:930;1763713264930;;
745;439;0.4592275;0.4810236;0.3068748;0.4876083;500.8;0.1591923;True;11/21/2025 4:21:04 PM:947;1763713264947;;
742;440;0.4574143;0.481487;0.449116;0.505473;504.0;0.1556883;True;11/21/2025 4:21:04 PM:966;1763713264966;;
740;440;0.4561993;0.4818469;0.4491407;0.5054702;506.9;0.1557071;True;11/21/2025 4:21:04 PM:984;1763713264984;;
695;441;0.4281196;0.4825417;0.3280087;0.51666;509.0;0.153136;True;11/21/2025 4:21:05 PM:1;1763713265001;;
660;441;0.4067199;0.4832263;0.3273059;0.5174529;511.0;0.1532552;True;11/21/2025 4:21:05 PM:20;1763713265020;;
666;441;0.4105917;0.4832279;0.4454186;0.4838574;511.3;0.1546244;True;11/21/2025 4:21:05 PM:38;1763713265038;;
672;441;0.4140703;0.4829553;0.4494956;0.4639997;511.5;0.154713;True;11/21/2025 4:21:05 PM:57;1763713265057;;
660;441;0.4069484;0.4832647;0.3680749;0.5062338;513.9;0.157236;True;11/21/2025 4:21:05 PM:77;1763713265077;;
640;442;0.3941121;0.4836139;0.3285032;0.5097099;516.0;0.1573142;True;11/21/2025 4:21:05 PM:95;1763713265095;;
614;442;0.3781042;0.4841081;0.2999083;0.5158234;516.4;0.1675342;True;11/21/2025 4:21:05 PM:113;1763713265113;;
609;442;0.3750141;0.4844117;0.3500836;0.5118944;516.7;0.1676321;True;11/21/2025 4:21:05 PM:130;1763713265130;;
605;443;0.372625;0.4847472;0.351947;0.5137388;516.7;0.1682947;True;11/21/2025 4:21:05 PM:149;1763713265149;;
607;443;0.3739244;0.4849807;0.396601;0.511126;516.7;0.1754256;False;11/21/2025 4:21:05 PM:167;1763713265167;;
608;443;0.3749127;0.4851649;0.396659;0.5111189;516.7;0.175472;False;11/21/2025 4:21:05 PM:184;1763713265184;;
610;443;0.3759215;0.4855622;0.3981459;0.5187925;520.6;0.1712769;False;11/21/2025 4:21:05 PM:202;1763713265202;;
611;444;0.3767172;0.4858842;0.3981549;0.5187908;524.2;0.171283;False;11/21/2025 4:21:05 PM:218;1763713265218;;
612;444;0.3774551;0.4859139;0.3986273;0.5053012;525.6;0.1661593;True;11/21/2025 4:21:05 PM:237;1763713265237;;
613;444;0.3777334;0.4859719;0.4230078;0.5076671;526.9;0.166235;True;11/21/2025 4:21:05 PM:253;1763713265253;;
613;444;0.3777719;0.4859875;0.427852;0.5047771;529.0;0.1769455;False;11/21/2025 4:21:05 PM:271;1763713265271;;
614;444;0.3783433;0.4860234;0.4380452;0.5066092;530.8;0.1770429;False;11/21/2025 4:21:05 PM:289;1763713265289;;
597;444;0.3677012;0.4862513;0.2950775;0.5161596;532.7;0.1703495;True;11/21/2025 4:21:05 PM:307;1763713265307;;
590;444;0.3633742;0.4865574;0.3202675;0.5202883;531.8;0.1755407;False;11/21/2025 4:21:05 PM:326;1763713265326;;
579;444;0.3571421;0.4868473;0.2970513;0.5219355;531.1;0.175608;False;11/21/2025 4:21:05 PM:342;1763713265342;;
580;444;0.357218;0.4868593;0.3967801;0.5089707;531.5;0.16341;True;11/21/2025 4:21:05 PM:360;1763713265360;;
580;445;0.3572403;0.4868813;0.3947091;0.5098264;531.8;0.1634628;True;11/21/2025 4:21:05 PM:377;1763713265377;;
580;445;0.3573684;0.4869447;0.3916624;0.5008175;533.1;0.1650372;True;11/21/2025 4:21:05 PM:396;1763713265396;;
581;445;0.3578097;0.4869747;0.4039243;0.4898299;534.2;0.1651756;True;11/21/2025 4:21:05 PM:413;1763713265413;;
581;445;0.3581249;0.4873719;0.3685611;0.5233669;534.3;0.1764913;False;11/21/2025 4:21:05 PM:433;1763713265433;;
582;445;0.3583753;0.4876902;0.3686627;0.5233561;534.3;0.1765686;False;11/21/2025 4:21:05 PM:451;1763713265451;;
582;445;0.3585706;0.4875976;0.3829153;0.4819428;533.2;0.1664809;True;11/21/2025 4:21:05 PM:468;1763713265468;;
582;445;0.3586356;0.4876155;0.360983;0.5047278;532.3;0.1665679;True;11/21/2025 4:21:05 PM:485;1763713265485;;
582;445;0.3588359;0.4876534;0.3738834;0.5091944;530.5;0.1654353;True;11/21/2025 4:21:05 PM:503;1763713265503;;
582;445;0.3589638;0.4877365;0.3797616;0.5122522;528.9;0.1655182;True;11/21/2025 4:21:05 PM:520;1763713265520;;
635;445;0.3915598;0.4872436;0.5654974;0.46656;526.1;0.1092943;True;11/21/2025 4:21:05 PM:538;1763713265538;;
674;444;0.4156064;0.4868087;0.5684467;0.4653741;523.7;0.109436;True;11/21/2025 4:21:05 PM:556;1763713265556;;
708;444;0.4360086;0.4866704;0.5651991;0.4767456;524.5;0.09461762;True;11/21/2025 4:21:05 PM:574;1763713265574;;
733;444;0.4514941;0.4865547;0.5663664;0.4767501;525.2;0.09462303;True;11/21/2025 4:21:05 PM:592;1763713265592;;
756;444;0.4657905;0.486559;0.5734684;0.4943374;526.3;0.1067665;True;11/21/2025 4:21:05 PM:610;1763713265610;;
768;444;0.4731341;0.4865652;0.5478049;0.4958475;526.9;0.1281647;True;11/21/2025 4:21:05 PM:629;1763713265629;;
776;444;0.4784159;0.48657;0.5478609;0.4958444;527.5;0.1281986;True;11/21/2025 4:21:05 PM:646;1763713265646;;
775;444;0.4773954;0.4865773;0.4469076;0.4882571;532.0;0.1336862;True;11/21/2025 4:21:05 PM:665;1763713265665;;
773;444;0.4765958;0.4865832;0.4469562;0.4882519;536.0;0.1337129;True;11/21/2025 4:21:05 PM:682;1763713265682;;
741;443;0.4568661;0.484897;0.3292016;0.4366967;536.9;0.1615872;True;11/21/2025 4:21:05 PM:700;1763713265700;;
718;441;0.4426879;0.4835688;0.329304;0.4366955;537.8;0.1616653;True;11/21/2025 4:21:05 PM:718;1763713265718;;
718;441;0.4425884;0.4827065;0.4335651;0.4441407;541.4;0.1615873;True;11/21/2025 4:21:05 PM:736;1763713265736;;
718;440;0.4421583;0.4819122;0.4227944;0.4444194;544.7;0.1616507;True;11/21/2025 4:21:05 PM:755;1763713265755;;
717;440;0.4419426;0.4823811;0.4281423;0.50531;545.7;0.1614472;True;11/21/2025 4:21:05 PM:776;1763713265776;;
713;440;0.439418;0.4823124;0.3955633;0.4708738;545.6;0.160943;True;11/21/2025 4:21:05 PM:799;1763713265799;;
710;440;0.4377549;0.4822654;0.3955808;0.4708722;545.6;0.1609555;True;11/21/2025 4:21:05 PM:817;1763713265817;;
702;442;0.432335;0.4841611;0.3584587;0.5380228;545.7;0.1634119;True;11/21/2025 4:21:05 PM:835;1763713265835;;
706;442;0.4347396;0.4844317;0.4758794;0.5046522;545.6;0.1709506;True;11/21/2025 4:21:05 PM:854;1763713265854;;
708;442;0.4365657;0.4846441;0.4759222;0.5046485;545.4;0.1709858;True;11/21/2025 4:21:05 PM:870;1763713265870;;
710;443;0.4373366;0.4847295;0.4639986;0.4987678;545.3;0.1710627;True;11/21/2025 4:21:05 PM:887;1763713265887;;
705;443;0.4346684;0.4849379;0.3845625;0.5055668;543.7;0.1709091;True;11/21/2025 4:21:05 PM:905;1763713265905;;
694;443;0.4275015;0.4851293;0.3453727;0.5059512;542.2;0.1709913;True;11/21/2025 4:21:05 PM:922;1763713265922;;
693;443;0.4268387;0.4852507;0.3986191;0.5034692;544.1;0.1752133;False;11/21/2025 4:21:05 PM:939;1763713265939;;
692;443;0.4266361;0.4853001;0.408479;0.4991944;545.8;0.1755145;False;11/21/2025 4:21:05 PM:957;1763713265957;;
686;443;0.4228576;0.4854946;0.3590037;0.5084934;545.2;0.1631779;True;11/21/2025 4:21:05 PM:973;1763713265973;;
681;443;0.4195717;0.4856735;0.359352;0.5084736;544.8;0.1633523;True;11/21/2025 4:21:05 PM:991;1763713265991;;
680;442;0.4188874;0.4840488;0.386742;0.4364837;546.5;0.1679414;True;11/21/2025 4:21:06 PM:9;1763713266009;;
679;441;0.4182847;0.4826114;0.3869273;0.4364669;548.0;0.1680777;True;11/21/2025 4:21:06 PM:26;1763713266026;;
678;441;0.4175502;0.4826174;0.3827127;0.4871417;546.6;0.1693556;True;11/21/2025 4:21:06 PM:43;1763713266043;;
654;441;0.4032999;0.4832476;0.2875159;0.5163577;547.3;0.1743765;False;11/21/2025 4:21:06 PM:63;1763713266063;;
637;442;0.3928565;0.483748;0.2875319;0.5163578;548.0;0.1743919;False;11/21/2025 4:21:06 PM:80;1763713266080;;
629;442;0.3874776;0.4840055;0.3131134;0.5083202;547.2;0.1547881;True;11/21/2025 4:21:06 PM:98;1763713266098;;
622;442;0.3833657;0.4842129;0.3132168;0.5083143;546.4;0.1548378;True;11/21/2025 4:21:06 PM:115;1763713266115;;
610;442;0.3761522;0.4843556;0.2867569;0.5059316;547.2;0.167214;True;11/21/2025 4:21:06 PM:131;1763713266131;;
598;442;0.3687203;0.4843938;0.2751496;0.4999683;548.0;0.1673187;True;11/21/2025 4:21:06 PM:148;1763713266148;;
595;442;0.3667275;0.4846753;0.3137582;0.5133014;546.5;0.1598971;True;11/21/2025 4:21:06 PM:165;1763713266165;;
590;443;0.3635652;0.4849533;0.2979685;0.5146601;545.1;0.160014;True;11/21/2025 4:21:06 PM:182;1763713266182;;
570;442;0.3509888;0.4838706;0.2378248;0.448258;544.9;0.163456;True;11/21/2025 4:21:06 PM:201;1763713266201;;
555;441;0.3417501;0.4830262;0.2378682;0.4483051;544.6;0.1635687;True;11/21/2025 4:21:06 PM:218;1763713266218;;
542;441;0.3340294;0.4827108;0.2417229;0.4626398;544.5;0.1727587;False;11/21/2025 4:21:06 PM:235;1763713266235;;
537;440;0.3310061;0.4818359;0.2688769;0.4459035;543.7;0.1789879;False;11/21/2025 4:21:06 PM:253;1763713266253;;
531;439;0.3275256;0.4805056;0.2617658;0.4350384;542.9;0.1791337;False;11/21/2025 4:21:06 PM:272;1763713266272;;
527;439;0.3250737;0.4805111;0.2643596;0.4825034;540.6;0.1801973;False;11/21/2025 4:21:06 PM:289;1763713266289;;
522;438;0.3215998;0.480186;0.2488317;0.4540347;538.6;0.1805035;False;11/21/2025 4:21:06 PM:305;1763713266305;;
517;438;0.3184314;0.4798794;0.2488334;0.4540363;536.7;0.1805066;False;11/21/2025 4:21:06 PM:320;1763713266320;;
515;438;0.317229;0.4801776;0.2690514;0.4994769;535.5;0.171211;False;11/21/2025 4:21:06 PM:339;1763713266339;;
515;439;0.3171991;0.4810105;0.28892;0.5166221;534.5;0.1712543;False;11/21/2025 4:21:06 PM:357;1763713266357;;
514;439;0.3166368;0.4813702;0.2765535;0.5055721;534.9;0.1756743;False;11/21/2025 4:21:06 PM:376;1763713266376;;
512;440;0.3158665;0.4814657;0.2699928;0.495988;535.4;0.1758211;False;11/21/2025 4:21:06 PM:392;1763713266392;;
516;440;0.3179921;0.4819976;0.3495265;0.5128371;533.9;0.1612964;True;11/21/2025 4:21:06 PM:410;1763713266410;;
516;441;0.3179849;0.4829207;0.2935079;0.5249759;534.4;0.1781139;False;11/21/2025 4:21:06 PM:428;1763713266428;;
516;442;0.3179758;0.4836268;0.2936631;0.52498;534.8;0.1782513;False;11/21/2025 4:21:06 PM:443;1763713266443;;
516;441;0.3178369;0.4835239;0.308755;0.4743072;536.0;0.1684298;True;11/21/2025 4:21:06 PM:460;1763713266460;;
516;441;0.3178209;0.4831026;0.2954845;0.4598182;537.0;0.1684561;True;11/21/2025 4:21:06 PM:477;1763713266477;;
517;442;0.3188111;0.4837219;0.3402742;0.5193541;536.5;0.1880002;False;11/21/2025 4:21:06 PM:495;1763713266495;;
518;442;0.31939;0.4841853;0.3363718;0.5182235;536.0;0.1881652;False;11/21/2025 4:21:06 PM:510;1763713266510;;
513;442;0.3163296;0.4841539;0.2540862;0.4803068;534.7;0.1716233;False;11/21/2025 4:21:06 PM:527;1763713266527;;
503;441;0.3101293;0.482552;0.2238325;0.4334187;533.5;0.1717061;False;11/21/2025 4:21:06 PM:545;1763713266545;;
503;441;0.3098968;0.4830625;0.2826962;0.5149742;534.5;0.1727057;False;11/21/2025 4:21:06 PM:563;1763713266563;;
502;441;0.3097049;0.4834952;0.2828313;0.5151166;535.4;0.1728785;False;11/21/2025 4:21:06 PM:579;1763713266579;;
499;441;0.3078269;0.4835033;0.2547278;0.4854698;534.8;0.1664418;True;11/21/2025 4:21:06 PM:597;1763713266597;;
495;441;0.3050072;0.4832055;0.240803;0.4638539;534.2;0.166509;True;11/21/2025 4:21:06 PM:613;1763713266613;;
495;442;0.304869;0.4837305;0.2921127;0.5166151;535.3;0.1750821;False;11/21/2025 4:21:06 PM:631;1763713266631;;
494;442;0.3044893;0.4837826;0.2705653;0.4986;536.3;0.1751545;False;11/21/2025 4:21:06 PM:647;1763713266647;;
496;442;0.305798;0.4841908;0.3318201;0.5155125;538.0;0.1619851;True;11/21/2025 4:21:06 PM:664;1763713266664;;
498;442;0.3068636;0.4845321;0.3318961;0.5155054;539.4;0.1620423;True;11/21/2025 4:21:06 PM:680;1763713266680;;
498;442;0.3068318;0.4845747;0.292681;0.5008188;537.5;0.1704863;True;11/21/2025 4:21:06 PM:699;1763713266699;;
495;442;0.3049749;0.4845144;0.2536646;0.4786062;536.2;0.1739045;False;11/21/2025 4:21:06 PM:716;1763713266716;;
488;441;0.3010945;0.483262;0.2300787;0.4406696;535.0;0.1741047;False;11/21/2025 4:21:06 PM:732;1763713266732;;
483;440;0.2976188;0.4821137;0.230062;0.4406505;533.9;0.1740454;False;11/21/2025 4:21:06 PM:749;1763713266749;;
485;440;0.2988673;0.4815952;0.324416;0.453624;533.1;0.171154;True;11/21/2025 4:21:06 PM:767;1763713266767;;
485;439;0.2989548;0.4813516;0.3033591;0.4601595;532.3;0.1712815;False;11/21/2025 4:21:06 PM:782;1763713266782;;
481;439;0.2967288;0.4808137;0.2438473;0.4505093;532.0;0.1598077;True;11/21/2025 4:21:06 PM:801;1763713266801;;
477;438;0.2943016;0.4801086;0.2366248;0.4429096;531.6;0.1598348;True;11/21/2025 4:21:06 PM:818;1763713266818;;
476;438;0.2935226;0.4801187;0.2549637;0.4822674;532.7;0.1741423;False;11/21/2025 4:21:06 PM:834;1763713266834;;
475;438;0.2927793;0.4801166;0.2534149;0.4792776;533.7;0.1742611;False;11/21/2025 4:21:06 PM:851;1763713266851;;
473;438;0.2914383;0.4798843;0.2442574;0.4574818;533.9;0.1753462;False;11/21/2025 4:21:06 PM:868;1763713266868;;
471;438;0.2902715;0.479679;0.2442742;0.4575015;534.0;0.1753796;False;11/21/2025 4:21:06 PM:887;1763713266887;;
471;439;0.2905167;0.4803871;0.2979112;0.5108758;533.8;0.1716243;False;11/21/2025 4:21:06 PM:905;1763713266905;;
471;439;0.290417;0.4808746;0.2791899;0.5089876;533.6;0.1717452;False;11/21/2025 4:21:06 PM:921;1763713266921;;
469;439;0.2889206;0.4805906;0.240103;0.4573473;534.1;0.1628483;True;11/21/2025 4:21:06 PM:938;1763713266938;;
469;439;0.2888159;0.4812943;0.2813671;0.5141812;533.8;0.1792175;False;11/21/2025 4:21:06 PM:955;1763713266955;;
468;440;0.2887319;0.4818583;0.28141;0.514225;533.5;0.1793035;False;11/21/2025 4:21:06 PM:971;1763713266971;;
469;440;0.289127;0.4824378;0.301578;0.5148782;532.7;0.1771618;False;11/21/2025 4:21:06 PM:989;1763713266989;;
469;441;0.289023;0.4824991;0.2677817;0.4955689;531.8;0.1772283;False;11/21/2025 4:21:07 PM:4;1763713267004;;
483;441;0.2976598;0.4825018;0.3763723;0.483696;534.0;0.1632681;True;11/21/2025 4:21:07 PM:22;1763713267022;;
493;441;0.3037395;0.4825039;0.3763713;0.4836963;536.0;0.1632671;True;11/21/2025 4:21:07 PM:37;1763713267037;;
519;441;0.3199894;0.483061;0.431389;0.5156121;535.5;0.1779996;False;11/21/2025 4:21:07 PM:55;1763713267055;;
539;441;0.3325113;0.4835378;0.4314056;0.5156111;535.1;0.1780071;False;11/21/2025 4:21:07 PM:73;1763713267073;;
549;442;0.338357;0.4839681;0.404413;0.5155607;533.8;0.1653754;True;11/21/2025 4:21:07 PM:91;1763713267091;;
550;442;0.3388614;0.4840481;0.3566263;0.5024369;532.6;0.1654848;True;11/21/2025 4:21:07 PM:107;1763713267107;;
552;443;0.3401578;0.4855349;0.3705983;0.5409568;532.5;0.1655563;True;11/21/2025 4:21:07 PM:125;1763713267125;;
558;444;0.3440225;0.4863078;0.4030609;0.5317267;532.4;0.1656442;True;11/21/2025 4:21:07 PM:141;1763713267141;;
563;445;0.3472013;0.4869683;0.4031355;0.5317224;532.3;0.1656799;True;11/21/2025 4:21:07 PM:157;1763713267157;;
570;445;0.3513516;0.4869723;0.4113851;0.5052359;531.6;0.1677843;True;11/21/2025 4:21:07 PM:176;1763713267176;;
576;445;0.3546909;0.4869758;0.411368;0.5052374;531.0;0.1677711;True;11/21/2025 4:21:07 PM:192;1763713267192;;
575;445;0.3542439;0.4873551;0.3348744;0.5239869;530.9;0.15385;True;11/21/2025 4:21:07 PM:209;1763713267209;;
573;445;0.3529111;0.4875089;0.3168;0.5168966;530.9;0.1540077;True;11/21/2025 4:21:07 PM:226;1763713267226;;
573;445;0.3528557;0.4877774;0.3455206;0.5212457;529.4;0.1641225;True;11/21/2025 4:21:07 PM:243;1763713267243;;
574;445;0.3535452;0.4879251;0.3782396;0.5176426;531.1;0.1872052;False;11/21/2025 4:21:07 PM:262;1763713267262;;
573;446;0.3532888;0.4879763;0.3377575;0.5136961;532.6;0.1872594;False;11/21/2025 4:21:07 PM:279;1763713267279;;
576;446;0.3551719;0.4880882;0.3970846;0.5171523;534.3;0.1726339;False;11/21/2025 4:21:07 PM:297;1763713267297;;
576;446;0.3551731;0.4881043;0.356135;0.5123639;535.8;0.1727821;False;11/21/2025 4:21:07 PM:313;1763713267313;;
576;446;0.3552234;0.4881222;0.3630269;0.5102292;533.9;0.168775;True;11/21/2025 4:21:07 PM:331;1763713267331;;
576;446;0.3552611;0.4881357;0.3630202;0.5102302;532.2;0.1687711;True;11/21/2025 4:21:07 PM:347;1763713267347;;
575;446;0.3546459;0.4881474;0.3321644;0.5104441;531.6;0.1686804;True;11/21/2025 4:21:07 PM:365;1763713267365;;
575;446;0.3541601;0.4881572;0.3321916;0.5104411;531.0;0.1687043;True;11/21/2025 4:21:07 PM:382;1763713267382;;
550;443;0.3391297;0.4854745;0.2238066;0.4282662;533.5;0.1702442;True;11/21/2025 4:21:07 PM:398;1763713267398;;
531;441;0.3270011;0.4831548;0.2238408;0.4283102;535.8;0.1703196;True;11/21/2025 4:21:07 PM:416;1763713267416;;
528;441;0.3251234;0.4833313;0.2859859;0.507188;536.5;0.1706925;True;11/21/2025 4:21:07 PM:436;1763713267436;;
524;441;0.3226967;0.4833561;0.2734332;0.499438;536.6;0.1731133;False;11/21/2025 4:21:07 PM:452;1763713267452;;
520;441;0.3207229;0.4833784;0.2735586;0.4995536;536.6;0.1733741;False;11/21/2025 4:21:07 PM:467;1763713267467;;
516;441;0.3178267;0.4833464;0.2620585;0.4799888;537.2;0.1761868;False;11/21/2025 4:21:07 PM:484;1763713267484;;
512;441;0.3154416;0.4833194;0.2620968;0.4800262;537.8;0.1762608;False;11/21/2025 4:21:07 PM:499;1763713267499;;
501;439;0.3086889;0.4808384;0.2276274;0.4227758;539.1;0.1786888;False;11/21/2025 4:21:07 PM:518;1763713267518;;
492;437;0.3034211;0.4788396;0.2276418;0.4227906;540.4;0.1787156;False;11/21/2025 4:21:07 PM:534;1763713267534;;
490;437;0.302077;0.4788995;0.2596249;0.4899953;541.1;0.1647236;True;11/21/2025 4:21:07 PM:553;1763713267553;;
486;437;0.2998498;0.478861;0.2465301;0.4719055;541.8;0.1648384;True;11/21/2025 4:21:07 PM:570;1763713267570;;
484;437;0.2985084;0.4788643;0.2544446;0.4821348;542.5;0.1647674;True;11/21/2025 4:21:07 PM:588;1763713267588;;
477;435;0.2939987;0.4768951;0.2201439;0.4197665;542.2;0.1790583;False;11/21/2025 4:21:07 PM:605;1763713267605;;
468;433;0.288277;0.4737738;0.2059864;0.4000843;541.9;0.1792309;False;11/21/2025 4:21:07 PM:622;1763713267622;;
468;433;0.2882375;0.4742173;0.2665388;0.4988802;540.9;0.1812475;False;11/21/2025 4:21:07 PM:640;1763713267640;;
467;433;0.2880583;0.4744039;0.2612379;0.4910261;540.0;0.1813497;False;11/21/2025 4:21:07 PM:657;1763713267657;;
467;433;0.2876841;0.4744039;0.2558283;0.4743903;539.5;0.1786567;False;11/21/2025 4:21:07 PM:674;1763713267674;;
465;433;0.2864465;0.4742981;0.2404984;0.4601028;540.0;0.1687894;True;11/21/2025 4:21:07 PM:692;1763713267692;;
463;433;0.2854235;0.4742093;0.2405148;0.4601221;540.3;0.168841;True;11/21/2025 4:21:07 PM:709;1763713267709;;
463;433;0.2852746;0.4742025;0.2720655;0.4684566;540.3;0.1664374;True;11/21/2025 4:21:07 PM:727;1763713267727;;
463;433;0.2851511;0.4741967;0.2721778;0.4684459;540.4;0.1665449;True;11/21/2025 4:21:07 PM:744;1763713267744;;
457;431;0.2818688;0.4725394;0.2152417;0.4175795;539.3;0.1572634;True;11/21/2025 4:21:07 PM:762;1763713267762;;
449;428;0.2768638;0.4684927;0.1946308;0.3796485;538.3;0.1575272;True;11/21/2025 4:21:07 PM:777;1763713267777;;
448;428;0.2761109;0.4684686;0.2350406;0.4540988;540.2;0.1820094;False;11/21/2025 4:21:07 PM:796;1763713267796;;
445;427;0.2743201;0.4676141;0.2171438;0.421286;541.9;0.1820741;False;11/21/2025 4:21:07 PM:812;1763713267812;;
445;427;0.2741371;0.4680275;0.2597535;0.4879649;538.8;0.1713793;False;11/21/2025 4:21:07 PM:830;1763713267830;;
444;427;0.2737941;0.4680139;0.2388037;0.4598794;536.0;0.1714006;False;11/21/2025 4:21:07 PM:847;1763713267847;;
444;428;0.2737499;0.4686992;0.2719323;0.4979517;535.6;0.1755002;False;11/21/2025 4:21:07 PM:864;1763713267864;;
444;428;0.273649;0.4690521;0.2671968;0.4913346;535.3;0.1755882;False;11/21/2025 4:21:07 PM:880;1763713267880;;
438;425;0.2703089;0.4659485;0.2030626;0.3912603;535.1;0.1754416;False;11/21/2025 4:21:07 PM:898;1763713267898;;
438;425;0.2697661;0.4659059;0.2336877;0.4520445;536.4;0.1666583;True;11/21/2025 4:21:07 PM:917;1763713267917;;
437;425;0.2693577;0.4658735;0.2336876;0.4520439;537.4;0.1667014;True;11/21/2025 4:21:07 PM:933;1763713267933;;
435;425;0.2681345;0.4652333;0.2195207;0.4266067;536.4;0.1647364;True;11/21/2025 4:21:07 PM:950;1763713267950;;
432;423;0.2660158;0.4634474;0.2045255;0.3991687;535.4;0.1649392;True;11/21/2025 4:21:07 PM:966;1763713267966;;
431;423;0.2658907;0.4634759;0.2439613;0.46609;536.9;0.1835098;False;11/21/2025 4:21:07 PM:985;1763713267985;;
431;423;0.2658174;0.4634855;0.2428056;0.4647825;538.1;0.1836002;False;11/21/2025 4:21:08 PM:0;1763713268000;;
431;423;0.2657416;0.4634961;0.2428833;0.4648846;539.3;0.1837382;False;11/21/2025 4:21:08 PM:17;1763713268017;;
431;423;0.2656294;0.4634821;0.2362388;0.4555556;539.6;0.1741934;False;11/21/2025 4:21:08 PM:34;1763713268034;;
430;423;0.2652892;0.4634007;0.2307618;0.4457254;539.8;0.1743464;False;11/21/2025 4:21:08 PM:54;1763713268054;;
431;424;0.265401;0.4645483;0.2689824;0.5033231;540.6;0.1679772;True;11/21/2025 4:21:08 PM:71;1763713268071;;
430;424;0.2652908;0.4649506;0.2592425;0.4876542;541.4;0.1682599;True;11/21/2025 4:21:08 PM:89;1763713268089;;
430;425;0.2651674;0.4650898;0.253409;0.478247;541.1;0.1773309;False;11/21/2025 4:21:08 PM:107;1763713268107;;
432;425;0.2664221;0.4655093;0.2907896;0.4897346;542.4;0.1755796;False;11/21/2025 4:21:08 PM:126;1763713268126;;
435;425;0.2682095;0.4655493;0.3017839;0.473621;543.6;0.175609;False;11/21/2025 4:21:08 PM:145;1763713268145;;
439;426;0.2707646;0.4662351;0.3133792;0.500595;545.7;0.1737724;False;11/21/2025 4:21:08 PM:162;1763713268162;;
443;426;0.2728814;0.4668136;0.3136876;0.5005462;547.6;0.1740395;False;11/21/2025 4:21:08 PM:179;1763713268179;;
443;427;0.2728925;0.4676756;0.2741337;0.5085405;546.7;0.1812336;False;11/21/2025 4:21:08 PM:197;1763713268197;;
443;428;0.2729026;0.4684121;0.2742038;0.5086226;546.0;0.1814232;False;11/21/2025 4:21:08 PM:213;1763713268213;;
444;429;0.273977;0.469383;0.3031045;0.5155261;544.7;0.1881935;False;11/21/2025 4:21:08 PM:231;1763713268231;;
445;429;0.2740754;0.4699471;0.2822214;0.5078446;543.5;0.1883337;False;11/21/2025 4:21:08 PM:249;1763713268249;;
444;429;0.2740054;0.4700942;0.2648854;0.4951226;542.0;0.1818717;False;11/21/2025 4:21:08 PM:268;1763713268268;;
445;429;0.2742283;0.4698572;0.2877462;0.4560302;539.6;0.1860346;False;11/21/2025 4:21:08 PM:286;1763713268286;;
445;428;0.2743373;0.4693183;0.2842245;0.4441658;537.4;0.1863914;False;11/21/2025 4:21:08 PM:302;1763713268302;;
441;427;0.2719903;0.4675909;0.2273303;0.4211828;537.7;0.1901174;False;11/21/2025 4:21:08 PM:321;1763713268321;;
438;425;0.2699471;0.4660666;0.2273248;0.4211773;538.0;0.1901083;False;11/21/2025 4:21:08 PM:342;1763713268342;;
441;427;0.2719066;0.4674388;0.3089927;0.5129011;536.3;0.1892184;False;11/21/2025 4:21:08 PM:362;1763713268362;;
439;426;0.2708019;0.466715;0.2388477;0.4359413;535.3;0.1827078;False;11/21/2025 4:21:08 PM:383;1763713268383;;
436;425;0.2690483;0.465467;0.228222;0.4229254;534.4;0.1828523;False;11/21/2025 4:21:08 PM:403;1763713268403;;
437;425;0.2692794;0.4656356;0.2801552;0.4806902;533.7;0.1850995;False;11/21/2025 4:21:08 PM:423;1763713268423;;
437;425;0.269157;0.4656336;0.2553902;0.4637714;533.2;0.1852729;False;11/21/2025 4:21:08 PM:441;1763713268441;;
436;425;0.2688708;0.4655647;0.24939;0.4548564;532.6;0.1852949;False;11/21/2025 4:21:08 PM:460;1763713268460;;
436;425;0.2687937;0.4655828;0.2565452;0.4699344;531.8;0.1961505;False;11/21/2025 4:21:08 PM:481;1763713268481;;
433;425;0.2668411;0.4653036;0.2319509;0.4491438;531.6;0.1986849;False;11/21/2025 4:21:08 PM:519;1763713268519;;
433;426;0.2670448;0.4668598;0.2760779;0.5147976;530.8;0.20356;False;11/21/2025 4:21:08 PM:537;1763713268537;;
434;427;0.2672888;0.4679322;0.2788723;0.5115786;529.2;0.1858903;False;11/21/2025 4:21:08 PM:555;1763713268555;;
433;427;0.2671865;0.4679194;0.2525466;0.4646943;527.7;0.1861813;False;11/21/2025 4:21:08 PM:571;1763713268571;;
456;427;0.280873;0.467916;0.3880124;0.4666142;527.5;0.1879331;False;11/21/2025 4:21:08 PM:588;1763713268588;;
456;427;0.2812493;0.4678043;0.2970533;0.4546449;527.2;0.1880243;False;11/21/2025 4:21:08 PM:605;1763713268605;;
450;426;0.2774832;0.4661585;0.2157487;0.4149436;526.6;0.1973533;False;11/21/2025 4:21:08 PM:622;1763713268622;;
445;424;0.2744762;0.4648139;0.2157839;0.4149893;526.0;0.1974453;False;11/21/2025 4:21:08 PM:639;1763713268639;;
444;424;0.2736497;0.4644867;0.2397372;0.4381342;526.5;0.1981627;False;11/21/2025 4:21:08 PM:658;1763713268658;;
444;424;0.2736471;0.4642695;0.2605876;0.44;527.0;0.1982564;False;11/21/2025 4:21:08 PM:674;1763713268674;;
438;422;0.2699127;0.4620092;0.2034744;0.3947721;527.2;0.1941355;False;11/21/2025 4:21:08 PM:691;1763713268691;;
433;420;0.2667795;0.4600761;0.203512;0.3948152;527.4;0.1942575;False;11/21/2025 4:21:08 PM:707;1763713268707;;
433;420;0.2667063;0.4605634;0.257102;0.4818113;527.4;0.2012965;False;11/21/2025 4:21:08 PM:726;1763713268726;;
433;421;0.2666461;0.4609585;0.2571169;0.4818271;527.5;0.2013347;False;11/21/2025 4:21:08 PM:744;1763713268744;;
429;419;0.264172;0.4592498;0.2071889;0.3996466;526.9;0.198277;False;11/21/2025 4:21:08 PM:760;1763713268760;;
424;417;0.2612775;0.457037;0.1999607;0.3888676;526.3;0.198531;False;11/21/2025 4:21:08 PM:777;1763713268777;;
422;417;0.260418;0.4565274;0.2210834;0.4179051;527.6;0.2019172;False;11/21/2025 4:21:08 PM:795;1763713268795;;
422;417;0.2599537;0.4565185;0.2268205;0.4393904;527.3;0.1960472;False;11/21/2025 4:21:08 PM:812;1763713268812;;
421;417;0.2592423;0.4562995;0.2193633;0.4250546;527.0;0.1961003;False;11/21/2025 4:21:08 PM:828;1763713268828;;
419;416;0.2585864;0.4560953;0.2193618;0.4250512;526.7;0.1961337;False;11/21/2025 4:21:08 PM:843;1763713268843;;
426;421;0.2628838;0.4608035;0.3144594;0.5383;525.5;0.2104158;False;11/21/2025 4:21:08 PM:862;1763713268862;;
432;424;0.2660452;0.4643221;0.3144877;0.5382968;524.5;0.2104412;False;11/21/2025 4:21:08 PM:878;1763713268878;;
431;424;0.2659926;0.4643215;0.2475594;0.4641883;524.3;0.1945071;False;11/21/2025 4:21:08 PM:895;1763713268895;;
431;424;0.2659506;0.464321;0.2622063;0.4641973;524.1;0.1946106;False;11/21/2025 4:21:08 PM:910;1763713268910;;
431;424;0.2655338;0.4642947;0.2365577;0.4528627;524.3;0.1858335;False;11/21/2025 4:21:08 PM:928;1763713268928;;
428;423;0.2637308;0.4630641;0.2116565;0.4106412;524.5;0.1859514;False;11/21/2025 4:21:08 PM:943;1763713268943;;
431;423;0.2654549;0.4630579;0.2962582;0.4620551;525.4;0.1899458;False;11/21/2025 4:21:08 PM:963;1763713268963;;
431;423;0.2656694;0.4630541;0.275243;0.4622819;526.1;0.1899067;False;11/21/2025 4:21:08 PM:979;1763713268979;;
431;423;0.2656375;0.4629977;0.2617188;0.4480346;523.4;0.1946725;False;11/21/2025 4:21:08 PM:997;1763713268997;;
431;423;0.2655673;0.4628589;0.2501657;0.4416975;521.0;0.1947637;False;11/21/2025 4:21:09 PM:13;1763713269013;;
431;423;0.2659426;0.4637789;0.2798237;0.4977793;520.7;0.1925641;False;11/21/2025 4:21:09 PM:33;1763713269033;;
431;424;0.2659553;0.4639985;0.2672333;0.4809519;520.4;0.1926252;False;11/21/2025 4:21:09 PM:49;1763713269049;;
424;420;0.2616403;0.4603381;0.1955257;0.3810331;520.0;0.1923493;False;11/21/2025 4:21:09 PM:67;1763713269067;;
423;420;0.2610773;0.4601334;0.2325108;0.4365861;520.1;0.190193;False;11/21/2025 4:21:09 PM:85;1763713269085;;
422;419;0.2599306;0.4593745;0.2192496;0.4162588;520.3;0.1903864;False;11/21/2025 4:21:09 PM:100;1763713269100;;
425;421;0.2619422;0.4614344;0.2994634;0.5144715;520.8;0.1980048;False;11/21/2025 4:21:09 PM:118;1763713269118;;
425;422;0.2620194;0.4622053;0.2670794;0.4948165;521.2;0.1981188;False;11/21/2025 4:21:09 PM:136;1763713269136;;
649;422;0.3999464;0.4621393;0.6989759;0.4491811;522.8;0.1835985;False;11/21/2025 4:21:09 PM:154;1763713269154;;
766;421;0.4720374;0.4615414;0.6640664;0.4270647;524.2;0.1837352;False;11/21/2025 4:21:09 PM:172;1763713269172;;
909;421;0.5598766;0.4613526;0.7600118;0.4393228;526.7;0.1703406;True;11/21/2025 4:21:09 PM:190;1763713269190;;
996;421;0.6136978;0.4611944;0.7600513;0.4392721;529.0;0.1704827;True;11/21/2025 4:21:09 PM:206;1763713269206;;
1053;421;0.6489711;0.4611418;0.7549724;0.4452959;530.3;0.1757037;False;11/21/2025 4:21:09 PM:223;1763713269223;;
1094;421;0.6739308;0.4609511;0.759657;0.4361264;531.5;0.1758475;False;11/21/2025 4:21:09 PM:239;1763713269239;;
1153;421;0.7104662;0.4612069;0.8193878;0.4775598;531.3;0.1805512;False;11/21/2025 4:21:09 PM:256;1763713269256;;
1198;421;0.7382352;0.4612281;0.827572;0.4643041;531.1;0.1806947;False;11/21/2025 4:21:09 PM:272;1763713269272;;
1226;421;0.7552196;0.4614386;0.8193972;0.4775538;530.9;0.180571;False;11/21/2025 4:21:09 PM:288;1763713269288;;
1244;421;0.7663555;0.461437;0.8082853;0.4556756;528.0;0.178019;False;11/21/2025 4:21:09 PM:308;1763713269308;;
1244;420;0.7664241;0.4602444;0.7668086;0.4121666;527.3;0.1844511;False;11/21/2025 4:21:09 PM:325;1763713269325;;
1246;418;0.7676442;0.4580508;0.7754303;0.3901425;526.7;0.184665;False;11/21/2025 4:21:09 PM:341;1763713269341;;
1260;419;0.7760943;0.4588386;0.818537;0.4897045;526.3;0.1867331;False;11/21/2025 4:21:09 PM:360;1763713269360;;
1270;419;0.7820823;0.4594741;0.8185799;0.4896951;526.0;0.186806;False;11/21/2025 4:21:09 PM:375;1763713269375;;
1272;420;0.783411;0.4602596;0.7927302;0.4931335;527.5;0.1747938;False;11/21/2025 4:21:09 PM:394;1763713269394;;
1278;421;0.7870464;0.4606663;0.8120404;0.4854079;528.8;0.1747961;False;11/21/2025 4:21:09 PM:413;1763713269413;;
1275;421;0.7852606;0.4612957;0.7636414;0.4929481;527.9;0.1704456;True;11/21/2025 4:21:09 PM:431;1763713269431;;
1274;421;0.7846066;0.4613213;0.7758536;0.4696785;527.0;0.1705449;True;11/21/2025 4:21:09 PM:447;1763713269447;;
1271;421;0.7828743;0.4612718;0.7413691;0.4538285;523.9;0.1766688;False;11/21/2025 4:21:09 PM:466;1763713269466;;
1273;422;0.7844638;0.461735;0.8012257;0.491081;521.6;0.1770389;False;11/21/2025 4:21:09 PM:483;1763713269483;;
1276;422;0.786273;0.4618704;0.806267;0.4795054;519.5;0.1772189;False;11/21/2025 4:21:09 PM:501;1763713269501;;
1280;421;0.7886634;0.4615457;0.8151547;0.4404045;518.8;0.1830052;False;11/21/2025 4:21:09 PM:519;1763713269519;;
1293;421;0.796427;0.4614519;0.8585507;0.4502106;518.3;0.1832728;False;11/21/2025 4:21:09 PM:535;1763713269535;;
1297;421;0.7992011;0.4616575;0.8322776;0.4817868;514.9;0.1829107;False;11/21/2025 4:21:09 PM:552;1763713269552;;
1303;421;0.8027473;0.4617015;0.8438464;0.4724581;511.8;0.1831235;False;11/21/2025 4:21:09 PM:569;1763713269569;;
1303;422;0.8025461;0.4620523;0.7967793;0.4885205;511.7;0.1773873;False;11/21/2025 4:21:09 PM:586;1763713269586;;
1302;422;0.802314;0.4620872;0.794119;0.4733285;511.5;0.1774854;False;11/21/2025 4:21:09 PM:604;1763713269604;;
1302;422;0.8020999;0.4622487;0.7932667;0.4825623;512.6;0.1717773;False;11/21/2025 4:21:09 PM:621;1763713269621;;
1301;422;0.8014132;0.462121;0.7561972;0.4504589;513.5;0.1720829;False;11/21/2025 4:21:09 PM:639;1763713269639;;
1283;422;0.7902291;0.4619204;0.674266;0.4460151;507.3;0.1567306;True;11/21/2025 4:21:09 PM:656;1763713269656;;
1271;422;0.7830384;0.4618786;0.686618;0.4551528;501.7;0.1568839;True;11/21/2025 4:21:09 PM:673;1763713269673;;
1217;422;0.7497107;0.4624806;0.5773958;0.4947873;501.5;0.1129397;True;11/21/2025 4:21:09 PM:693;1763713269693;;
1181;423;0.7272328;0.4629408;0.5773753;0.4947828;501.4;0.1129856;True;11/21/2025 4:21:09 PM:710;1763713269710;;
1145;423;0.7052271;0.462871;0.5645963;0.4550454;502.8;0.07853253;True;11/21/2025 4:21:09 PM:727;1763713269727;;
1119;423;0.6890895;0.4628134;0.5645779;0.4550345;504.1;0.07857314;True;11/21/2025 4:21:09 PM:743;1763713269743;;
1094;423;0.6741564;0.4634418;0.5612308;0.4987696;503.7;0.07965913;True;11/21/2025 4:21:09 PM:760;1763713269760;;
1079;424;0.6648759;0.4639813;0.5740228;0.4988521;503.4;0.07968479;True;11/21/2025 4:21:09 PM:777;1763713269777;;
1066;424;0.6566848;0.4640439;0.5746482;0.4799322;505.8;0.1332134;True;11/21/2025 4:21:09 PM:795;1763713269795;;
1058;424;0.6519325;0.4641299;0.5850765;0.4826016;507.9;0.1333662;True;11/21/2025 4:21:09 PM:812;1763713269812;;
1058;424;0.6519049;0.4644096;0.6466787;0.4926854;510.7;0.1377902;True;11/21/2025 4:21:09 PM:829;1763713269829;;
1058;424;0.6519056;0.4647278;0.6525148;0.4956876;513.3;0.1379477;True;11/21/2025 4:21:09 PM:845;1763713269845;;
1058;424;0.6520124;0.4649523;0.6618574;0.4922919;516.8;0.1573409;True;11/21/2025 4:21:09 PM:863;1763713269863;;
1059;425;0.652102;0.4651389;0.6619084;0.4922767;519.9;0.157481;True;11/21/2025 4:21:09 PM:881;1763713269881;;
1063;425;0.6551358;0.4653603;0.7089541;0.4942744;518.8;0.1659481;True;11/21/2025 4:21:09 PM:897;1763713269897;;
1066;425;0.6566406;0.4657871;0.6983202;0.503903;517.9;0.1661169;True;11/21/2025 4:21:09 PM:914;1763713269914;;
1068;426;0.6578617;0.4663346;0.6948833;0.5074192;519.1;0.1541056;True;11/21/2025 4:21:09 PM:931;1763713269931;;
1071;426;0.659985;0.466636;0.7077214;0.5011048;519.3;0.1723022;False;11/21/2025 4:21:09 PM:949;1763713269949;;
1073;426;0.6612269;0.4669073;0.7027757;0.5026886;519.5;0.1723336;False;11/21/2025 4:21:09 PM:965;1763713269965;;
1074;427;0.661496;0.4677401;0.684015;0.517102;515.7;0.1812413;False;11/21/2025 4:21:09 PM:983;1763713269983;;
1074;428;0.6616002;0.468413;0.6801579;0.5182149;512.3;0.181225;False;11/21/2025 4:21:09 PM:999;1763713269999;;
1081;428;0.6660476;0.4685586;0.7356766;0.5018824;510.4;0.1589577;True;11/21/2025 4:21:10 PM:18;1763713270018;;
1087;428;0.6693625;0.4686722;0.7356879;0.501878;508.7;0.1589933;True;11/21/2025 4:21:10 PM:33;1763713270033;;
1090;428;0.6715735;0.468762;0.7257359;0.4880867;510.5;0.172385;False;11/21/2025 4:21:10 PM:51;1763713270051;;
1093;428;0.67336;0.4688369;0.7257615;0.488059;512.1;0.1724808;False;11/21/2025 4:21:10 PM:67;1763713270067;;
1094;428;0.6738751;0.4693133;0.7074087;0.5126037;513.5;0.1630237;True;11/21/2025 4:21:10 PM:86;1763713270086;;
1095;429;0.6742779;0.4696871;0.707411;0.512603;514.7;0.163032;True;11/21/2025 4:21:10 PM:102;1763713270102;;
1100;429;0.677435;0.4699224;0.7398886;0.5074542;517.3;0.1786527;False;11/21/2025 4:21:10 PM:122;1763713270122;;
1107;429;0.6819066;0.4700503;0.7622724;0.505833;519.6;0.1787753;False;11/21/2025 4:21:10 PM:137;1763713270137;;
1116;429;0.687457;0.4702642;0.7718776;0.5091695;521.0;0.172934;False;11/21/2025 4:21:10 PM:155;1763713270155;;
1128;430;0.6949482;0.4705047;0.7930883;0.5113749;522.2;0.1730003;False;11/21/2025 4:21:10 PM:171;1763713270171;;
1128;430;0.6947823;0.4706352;0.6898471;0.4918618;520.3;0.1688699;True;11/21/2025 4:21:10 PM:191;1763713270191;;
1128;430;0.6948835;0.4706493;0.7209708;0.4997428;518.6;0.1688658;True;11/21/2025 4:21:10 PM:206;1763713270206;;
1128;430;0.6950191;0.4707085;0.7219403;0.5033228;518.0;0.174449;False;11/21/2025 4:21:10 PM:224;1763713270224;;
1130;430;0.6963817;0.4707238;0.7460083;0.5014473;517.4;0.1744799;False;11/21/2025 4:21:10 PM:241;1763713270241;;
1135;430;0.6989027;0.4707796;0.7602565;0.4973535;519.0;0.1836551;False;11/21/2025 4:21:10 PM:259;1763713270259;;
1136;430;0.699598;0.4708701;0.7418889;0.4927791;520.4;0.1837728;False;11/21/2025 4:21:10 PM:275;1763713270275;;
1136;430;0.6996281;0.470976;0.7269515;0.4907649;522.2;0.1734429;False;11/21/2025 4:21:10 PM:293;1763713270293;;
1136;430;0.6996675;0.4710064;0.7244734;0.4967419;523.7;0.1734802;False;11/21/2025 4:21:10 PM:309;1763713270309;;
1150;430;0.7085199;0.4712149;0.8101863;0.5081618;522.9;0.1856294;False;11/21/2025 4:21:10 PM:326;1763713270326;;
1162;430;0.7157229;0.4713968;0.8101973;0.5081578;522.1;0.1856748;False;11/21/2025 4:21:10 PM:344;1763713270344;;
1161;430;0.7149489;0.471545;0.6985985;0.5070561;520.8;0.166007;True;11/21/2025 4:21:10 PM:363;1763713270363;;
1159;431;0.7139526;0.4718619;0.6916695;0.5144771;522.7;0.1728944;False;11/21/2025 4:21:10 PM:380;1763713270380;;
1158;431;0.7136484;0.4721224;0.7024332;0.5145507;524.5;0.1730117;False;11/21/2025 4:21:10 PM:395;1763713270395;;
1180;431;0.7271326;0.4724063;0.845782;0.5152642;524.7;0.1706703;True;11/21/2025 4:21:10 PM:412;1763713270412;;
1199;431;0.7386563;0.4726315;0.8480386;0.5141813;524.9;0.1707644;True;11/21/2025 4:21:10 PM:429;1763713270429;;
1196;432;0.7366878;0.4732185;0.6997586;0.5250185;525.4;0.1770845;False;11/21/2025 4:21:10 PM:447;1763713270447;;
1194;432;0.7357513;0.4737014;0.7095055;0.5247758;525.9;0.1772319;False;11/21/2025 4:21:10 PM:463;1763713270463;;
1194;432;0.7357578;0.473731;0.7437048;0.5078204;525.6;0.1721774;False;11/21/2025 4:21:10 PM:481;1763713270481;;
1194;433;0.7357632;0.4737548;0.7437345;0.5078087;525.3;0.1722846;False;11/21/2025 4:21:10 PM:496;1763713270496;;
1202;433;0.7406407;0.4738041;0.8106948;0.5109853;525.8;0.167529;True;11/21/2025 4:21:10 PM:514;1763713270514;;
1208;433;0.7443842;0.4738443;0.8107053;0.510981;526.4;0.167568;True;11/21/2025 4:21:10 PM:530;1763713270530;;
1214;433;0.7478111;0.4738834;0.8107095;0.5109793;526.9;0.1675836;True;11/21/2025 4:21:10 PM:548;1763713270548;;
1205;433;0.7426059;0.4743307;0.6790593;0.5249366;528.3;0.1798829;False;11/21/2025 4:21:10 PM:564;1763713270564;;
1201;433;0.7400079;0.4744853;0.6947082;0.5172786;529.5;0.1800049;False;11/21/2025 4:21:10 PM:582;1763713270582;;
1203;433;0.741204;0.4746197;0.7778742;0.5167269;528.5;0.1794515;False;11/21/2025 4:21:10 PM:600;1763713270600;;
1205;433;0.74222;0.474737;0.777894;0.5167196;527.6;0.1795286;False;11/21/2025 4:21:10 PM:618;1763713270618;;
1205;434;0.7421458;0.4755619;0.737703;0.5352545;527.8;0.1758938;False;11/21/2025 4:21:10 PM:636;1763713270636;;
1205;434;0.7421602;0.4755837;0.7498246;0.51569;528.3;0.1740502;False;11/21/2025 4:21:10 PM:655;1763713270655;;
1205;434;0.74211;0.4756801;0.738178;0.5189574;528.7;0.1742031;False;11/21/2025 4:21:10 PM:671;1763713270671;;
1205;434;0.7421556;0.475819;0.7539665;0.5076482;526.4;0.1867514;False;11/21/2025 4:21:10 PM:688;1763713270688;;
1205;434;0.7425646;0.4758808;0.7677897;0.5115399;524.4;0.1869709;False;11/21/2025 4:21:10 PM:704;1763713270704;;
1212;435;0.7467321;0.4766406;0.8142433;0.5368185;526.0;0.174314;False;11/21/2025 4:21:10 PM:721;1763713270721;;
1226;436;0.755281;0.4773887;0.8489687;0.5381663;527.4;0.1744415;False;11/21/2025 4:21:10 PM:738;1763713270738;;
1227;436;0.7559935;0.4775234;0.7884833;0.5120637;527.3;0.1683994;True;11/21/2025 4:21:10 PM:757;1763713270757;;
1228;436;0.7566198;0.4776437;0.7885352;0.5120448;527.1;0.1686036;True;11/21/2025 4:21:10 PM:773;1763713270773;;
1224;436;0.7539583;0.477865;0.7103666;0.4995726;529.6;0.1762376;False;11/21/2025 4:21:10 PM:791;1763713270791;;
1220;436;0.7517017;0.478062;0.7104357;0.4995494;531.9;0.1765328;False;11/21/2025 4:21:10 PM:808;1763713270808;;
1226;437;0.7551907;0.4781585;0.8162351;0.5087376;532.7;0.1621439;True;11/21/2025 4:21:10 PM:826;1763713270826;;
1226;437;0.7552099;0.4783086;0.7629414;0.5027045;533.9;0.1832829;False;11/21/2025 4:21:10 PM:842;1763713270842;;
1226;437;0.7552209;0.4784432;0.7638832;0.4892905;535.0;0.1834125;False;11/21/2025 4:21:10 PM:859;1763713270859;;
1226;437;0.755152;0.4785284;0.7505186;0.5049421;534.3;0.1852031;False;11/21/2025 4:21:10 PM:877;1763713270877;;
1226;437;0.7550918;0.478605;0.7505675;0.5049237;533.8;0.1854272;False;11/21/2025 4:21:10 PM:894;1763713270894;;
1226;437;0.7550912;0.4787073;0.7550121;0.5143685;533.7;0.1818561;False;11/21/2025 4:21:10 PM:911;1763713270911;;
1225;437;0.7543611;0.4787303;0.7306095;0.5109115;533.6;0.1821115;False;11/21/2025 4:21:10 PM:929;1763713270929;;
1226;437;0.7554992;0.4787923;0.7903065;0.5062001;532.1;0.1871144;False;11/21/2025 4:21:10 PM:946;1763713270946;;
1229;437;0.7570395;0.4788549;0.8001804;0.5051916;530.8;0.1873088;False;11/21/2025 4:21:10 PM:962;1763713270962;;
1233;437;0.7592453;0.4789401;0.8102232;0.5027062;529.6;0.1873327;False;11/21/2025 4:21:10 PM:978;1763713270978;;
1227;437;0.7559875;0.4790061;0.7046826;0.5119892;528.2;0.1790185;False;11/21/2025 4:21:10 PM:995;1763713270995;;
1225;437;0.7547804;0.4790399;0.7243908;0.5069599;527.0;0.1792023;False;11/21/2025 4:21:11 PM:13;1763713271013;;
1021;438;0.6290471;0.4796344;0.3413137;0.528979;528.9;0.168613;True;11/21/2025 4:21:11 PM:31;1763713271031;;
847;438;0.5217644;0.4797505;0.2829124;0.5160593;530.6;0.1688569;True;11/21/2025 4:21:11 PM:48;1763713271048;;
743;438;0.4575673;0.480223;0.2881503;0.5286868;531.1;0.1679031;True;11/21/2025 4:21:11 PM:66;1763713271066;;
662;438;0.4079934;0.4802746;0.2748557;0.5102044;532.6;0.1557773;True;11/21/2025 4:21:11 PM:84;1763713271084;;
609;439;0.3754079;0.4803786;0.2701608;0.504886;533.8;0.1558969;True;11/21/2025 4:21:11 PM:100;1763713271100;;
579;439;0.3566633;0.4807338;0.2957032;0.5245688;534.4;0.1672608;True;11/21/2025 4:21:11 PM:119;1763713271119;;
570;439;0.3515327;0.4812685;0.326006;0.5327111;535.0;0.1673227;True;11/21/2025 4:21:11 PM:136;1763713271136;;
555;440;0.3422663;0.4814892;0.3028772;0.523532;536.7;0.1629597;True;11/21/2025 4:21:11 PM:156;1763713271156;;
545;440;0.3361861;0.4816602;0.3028887;0.5235311;538.2;0.1629706;True;11/21/2025 4:21:11 PM:171;1763713271171;;
542;440;0.3338797;0.4818101;0.3190587;0.5231367;539.9;0.162968;True;11/21/2025 4:21:11 PM:187;1763713271187;;
531;440;0.327065;0.4818527;0.2864261;0.5192962;541.4;0.1631694;True;11/21/2025 4:21:11 PM:205;1763713271205;;
534;440;0.3290778;0.4822054;0.3485225;0.5297906;541.9;0.1571577;True;11/21/2025 4:21:11 PM:223;1763713271223;;
532;440;0.3280425;0.4822918;0.318593;0.5226967;542.3;0.1572579;True;11/21/2025 4:21:11 PM:239;1763713271239;;
511;440;0.3149326;0.4819713;0.2443754;0.4705918;540.2;0.174727;False;11/21/2025 4:21:11 PM:256;1763713271256;;
496;440;0.305503;0.4817112;0.2443754;0.4705904;538.3;0.1748554;False;11/21/2025 4:21:11 PM:273;1763713271273;;
488;440;0.300785;0.481831;0.2651772;0.4954878;538.4;0.1635001;True;11/21/2025 4:21:11 PM:290;1763713271290;;
490;441;0.3020519;0.4827947;0.3912359;0.536199;538.0;0.1633739;True;11/21/2025 4:21:11 PM:311;1763713271311;;
492;441;0.3030916;0.4835738;0.3913475;0.5361931;537.7;0.1634375;True;11/21/2025 4:21:11 PM:330;1763713271330;;
483;442;0.29745;0.4836209;0.257236;0.4862356;536.4;0.1570549;True;11/21/2025 4:21:11 PM:350;1763713271350;;
476;442;0.2931768;0.4836611;0.2572861;0.4863002;535.1;0.157195;True;11/21/2025 4:21:11 PM:369;1763713271369;;
471;442;0.2902942;0.4837486;0.2630565;0.4917708;535.5;0.1491787;True;11/21/2025 4:21:11 PM:389;1763713271389;;
467;442;0.2881538;0.4838187;0.2630658;0.4917819;535.9;0.1491985;True;11/21/2025 4:21:11 PM:407;1763713271407;;
652;442;0.4016182;0.4841583;0.6926485;0.5202884;533.8;0.1556194;True;11/21/2025 4:21:11 PM:425;1763713271425;;
774;442;0.476829;0.4844596;0.6926641;0.5202832;531.9;0.1556775;True;11/21/2025 4:21:11 PM:445;1763713271445;;
894;442;0.55088;0.4845449;0.7544578;0.4964849;530.6;0.1727707;False;11/21/2025 4:21:11 PM:463;1763713271463;;
974;442;0.6002246;0.4846181;0.7549711;0.4974388;529.4;0.1729507;False;11/21/2025 4:21:11 PM:480;1763713271480;;
1057;442;0.6512485;0.4845801;0.8016063;0.4819281;524.6;0.1869843;False;11/21/2025 4:21:11 PM:499;1763713271499;;
1113;442;0.6859084;0.4846045;0.7984635;0.5014321;519.6;0.185071;False;11/21/2025 4:21:11 PM:518;1763713271518;;
1158;442;0.7132284;0.4846236;0.8102124;0.5017048;515.0;0.1854091;False;11/21/2025 4:21:11 PM:536;1763713271536;;
1165;443;0.717751;0.4849668;0.7423211;0.5197061;512.9;0.1886821;False;11/21/2025 4:21:11 PM:555;1763713271555;;
1174;443;0.7229255;0.4856534;0.7524368;0.5305807;511.0;0.1889632;False;11/21/2025 4:21:11 PM:572;1763713271572;;
1179;443;0.7261985;0.4855034;0.7472373;0.4773666;507.0;0.1833851;False;11/21/2025 4:21:11 PM:591;1763713271591;;
1185;443;0.7297697;0.4852221;0.7554076;0.4706827;503.5;0.1835821;False;11/21/2025 4:21:11 PM:609;1763713271609;;
1214;443;0.7475442;0.4854936;0.8357294;0.5165681;500.6;0.1874288;False;11/21/2025 4:21:11 PM:626;1763713271626;;
1217;444;0.7494305;0.4859105;0.7659578;0.522607;498.9;0.1891769;False;11/21/2025 4:21:11 PM:644;1763713271644;;
1218;444;0.7502612;0.4860899;0.7591714;0.5155292;497.3;0.189388;False;11/21/2025 4:21:11 PM:660;1763713271660;;
1216;444;0.7489764;0.4863642;0.6944891;0.519531;495.5;0.1831545;False;11/21/2025 4:21:11 PM:678;1763713271678;;
1215;444;0.7482843;0.486663;0.6855127;0.5222921;493.9;0.1833599;False;11/21/2025 4:21:11 PM:694;1763713271694;;
1240;444;0.7638777;0.4867212;0.8507445;0.5019702;496.7;0.1689402;True;11/21/2025 4:21:11 PM:712;1763713271712;;
1248;444;0.7689884;0.4867843;0.8118257;0.4977544;499.2;0.1692106;True;11/21/2025 4:21:11 PM:729;1763713271729;;
1263;444;0.7778032;0.4868436;0.8376155;0.4993992;503.0;0.1759971;False;11/21/2025 4:21:11 PM:748;1763713271748;;
1273;445;0.7842786;0.4868923;0.8376349;0.4993937;506.5;0.1760833;False;11/21/2025 4:21:11 PM:766;1763713271766;;
1274;445;0.7850508;0.4870557;0.7962247;0.5149892;508.0;0.1744211;False;11/21/2025 4:21:11 PM:785;1763713271785;;
1277;445;0.7866037;0.4872094;0.8097248;0.5162485;509.3;0.1747685;False;11/21/2025 4:21:11 PM:800;1763713271800;;
1277;445;0.7863681;0.4872462;0.7805611;0.5038838;508.7;0.1788394;False;11/21/2025 4:21:11 PM:821;1763713271821;;
1276;445;0.7861869;0.4872753;0.7805346;0.5038933;508.2;0.1787052;False;11/21/2025 4:21:11 PM:837;1763713271837;;
1268;445;0.7808212;0.4873333;0.6944442;0.4968356;504.6;0.1827056;False;11/21/2025 4:21:11 PM:856;1763713271856;;
1262;445;0.7773851;0.4873802;0.7004433;0.4973137;501.4;0.1829347;False;11/21/2025 4:21:11 PM:873;1763713271873;;
1261;445;0.7770371;0.4875058;0.7627219;0.5126037;499.7;0.1859734;False;11/21/2025 4:21:11 PM:893;1763713271893;;
1261;445;0.7767447;0.4876133;0.7627364;0.512598;498.2;0.1860575;False;11/21/2025 4:21:11 PM:911;1763713271911;;
1261;445;0.7765954;0.4879123;0.7715217;0.5206879;497.7;0.1728728;False;11/21/2025 4:21:11 PM:930;1763713271930;;
1260;445;0.7764218;0.4879471;0.7569237;0.5042435;499.3;0.1807087;False;11/21/2025 4:21:11 PM:948;1763713271948;;
1260;445;0.7759439;0.4879616;0.7365742;0.5086122;500.8;0.1809724;False;11/21/2025 4:21:11 PM:965;1763713271965;;
1265;446;0.7794027;0.4879919;0.8249699;0.4913135;502.7;0.1768507;False;11/21/2025 4:21:11 PM:981;1763713271981;;
1271;446;0.7826754;0.4880337;0.8287514;0.4946952;504.4;0.1772029;False;11/21/2025 4:21:11 PM:998;1763713271998;;
1270;446;0.7825643;0.4880744;0.7725856;0.4987502;504.6;0.1835129;False;11/21/2025 4:21:12 PM:16;1763713272016;;
1270;446;0.7824699;0.4881092;0.7726009;0.4987445;504.9;0.1836045;False;11/21/2025 4:21:12 PM:34;1763713272034;;
1268;446;0.780997;0.4882171;0.7344723;0.5113767;504.4;0.1636295;True;11/21/2025 4:21:12 PM:53;1763713272053;;
1268;446;0.7809076;0.4884267;0.7733597;0.51773;504.0;0.1638253;True;11/21/2025 4:21:12 PM:69;1763713272069;;
1268;446;0.7811493;0.4884612;0.7898911;0.493327;502.1;0.1825768;False;11/21/2025 4:21:12 PM:86;1763713272086;;
1269;446;0.7819469;0.4884519;0.8035302;0.4874575;500.3;0.1828776;False;11/21/2025 4:21:12 PM:103;1763713272103;;
1270;446;0.7823661;0.4884831;0.7961455;0.4939515;502.4;0.1951459;False;11/21/2025 4:21:12 PM:121;1763713272121;;
1271;446;0.7826864;0.4885074;0.7961248;0.493957;504.2;0.1950096;False;11/21/2025 4:21:12 PM:138;1763713272138;;
1272;446;0.7834959;0.4885193;0.8061774;0.4997511;506.3;0.1974627;False;11/21/2025 4:21:12 PM:157;1763713272157;;
1266;446;0.7801701;0.4887833;0.7247317;0.5160196;509.8;0.1831182;False;11/21/2025 4:21:12 PM:177;1763713272177;;
1263;446;0.777716;0.4889859;0.7247563;0.516013;512.9;0.1832673;False;11/21/2025 4:21:12 PM:195;1763713272195;;
1211;446;0.7461191;0.4881208;0.589242;0.45848;516.0;0.1761665;False;11/21/2025 4:21:12 PM:214;1763713272214;;
1176;445;0.7247235;0.4874577;0.5892125;0.458482;518.8;0.1761421;False;11/21/2025 4:21:12 PM:232;1763713272232;;
1154;444;0.7107257;0.48687;0.6042507;0.458943;521.3;0.1762602;False;11/21/2025 4:21:12 PM:249;1763713272249;;
1128;444;0.6951008;0.4865822;0.5860285;0.4671515;522.9;0.1984443;False;11/21/2025 4:21:12 PM:268;1763713272268;;
1112;442;0.6852872;0.4842992;0.5991396;0.4252451;522.6;0.2020946;False;11/21/2025 4:21:12 PM:287;1763713272287;;
1101;441;0.6784496;0.4826184;0.5991815;0.425242;522.3;0.2021331;False;11/21/2025 4:21:12 PM:303;1763713272303;;
1081;440;0.6662132;0.4821384;0.5656672;0.4506194;521.8;0.2005402;False;11/21/2025 4:21:12 PM:320;1763713272320;;
1070;440;0.6591904;0.4814053;0.5789488;0.4403489;521.2;0.200657;False;11/21/2025 4:21:12 PM:337;1763713272337;;
1061;439;0.6533505;0.4804507;0.5813528;0.4339584;519.6;0.2072577;False;11/21/2025 4:21:12 PM:353;1763713272353;;
1054;438;0.6495168;0.4793192;0.5890809;0.4269251;518.2;0.2073586;False;11/21/2025 4:21:12 PM:369;1763713272369;;
1053;437;0.64851;0.4788118;0.6178269;0.4405854;517.1;0.2131491;False;11/21/2025 4:21:12 PM:387;1763713272387;;
1051;437;0.64764;0.4783641;0.6178637;0.440573;516.0;0.2133596;False;11/21/2025 4:21:12 PM:404;1763713272404;;
1046;434;0.644547;0.4756243;0.5890914;0.3976828;516.7;0.2055494;False;11/21/2025 4:21:12 PM:421;1763713272421;;
1042;432;0.6418194;0.4731323;0.5894001;0.3976572;517.3;0.2058377;False;11/21/2025 4:21:12 PM:439;1763713272439;;
1022;431;0.6295669;0.4726416;0.5196053;0.4279749;517.3;0.209618;False;11/21/2025 4:21:12 PM:456;1763713272456;;
998;431;0.6150328;0.4720879;0.4986971;0.4252176;517.2;0.2097838;False;11/21/2025 4:21:12 PM:473;1763713272473;;
1000;431;0.6157802;0.4716993;0.6403533;0.4285109;517.6;0.2035657;False;11/21/2025 4:21:12 PM:491;1763713272491;;
996;429;0.6138945;0.4702705;0.5704833;0.4041646;518.0;0.2095149;False;11/21/2025 4:21:12 PM:508;1763713272508;;
994;428;0.6122842;0.4690157;0.570652;0.4041483;518.3;0.2096645;False;11/21/2025 4:21:12 PM:525;1763713272525;;
998;428;0.6147793;0.4689862;0.6595718;0.4366314;517.8;0.2011457;False;11/21/2025 4:21:12 PM:544;1763713272544;;
1001;428;0.6166699;0.4689371;0.6569021;0.4379508;517.4;0.2012351;False;11/21/2025 4:21:12 PM:561;1763713272561;;
1000;428;0.6162782;0.4687846;0.5974269;0.4460785;517.1;0.210723;False;11/21/2025 4:21:12 PM:581;1763713272581;;
1000;428;0.6159773;0.4686659;0.5974346;0.4460644;516.9;0.2107671;False;11/21/2025 4:21:12 PM:598;1763713272598;;
1000;428;0.6160478;0.4688155;0.6217217;0.4744022;516.7;0.2248558;False;11/21/2025 4:21:12 PM:621;1763713272621;;
1007;429;0.6200859;0.4695007;0.6788998;0.4925703;514.9;0.2216382;False;11/21/2025 4:21:12 PM:639;1763713272639;;
1007;428;0.6201535;0.4687278;0.6281354;0.420415;513.3;0.22205;False;11/21/2025 4:21:12 PM:658;1763713272658;;
1007;428;0.620687;0.4686511;0.6430055;0.4522147;511.8;0.2219409;False;11/21/2025 4:21:12 PM:676;1763713272676;;
1005;427;0.6194212;0.4681577;0.58776;0.4268146;512.5;0.2004999;False;11/21/2025 4:21:12 PM:696;1763713272696;;
1005;427;0.619419;0.4675989;0.6179729;0.4225853;513.1;0.2006474;False;11/21/2025 4:21:12 PM:714;1763713272714;;
999;427;0.6157047;0.4674991;0.5597414;0.4504638;517.2;0.1325029;True;11/21/2025 4:21:12 PM:733;1763713272733;;
995;427;0.6127522;0.4673985;0.5624152;0.4522829;512.1;0.1112674;True;11/21/2025 4:21:12 PM:753;1763713272753;;
991;427;0.610275;0.4673102;0.5614848;0.4533336;507.6;0.1113336;True;11/21/2025 4:21:12 PM:773;1763713272773;;
988;426;0.6086432;0.4668842;0.5666949;0.4272977;510.9;0.1363196;True;11/21/2025 4:21:12 PM:793;1763713272793;;
986;426;0.6075565;0.4665399;0.5696442;0.4272714;513.9;0.1366377;True;11/21/2025 4:21:12 PM:810;1763713272810;;
983;426;0.6053122;0.4661291;0.5542532;0.4247816;519.2;0.1927497;False;11/21/2025 4:21:12 PM:829;1763713272829;;
993;425;0.6119033;0.4654189;0.67988;0.4161705;519.0;0.193677;False;11/21/2025 4:21:12 PM:846;1763713272846;;
997;424;0.6141997;0.4649352;0.6569936;0.4179179;518.9;0.1938668;False;11/21/2025 4:21:12 PM:864;1763713272864;;
978;424;0.6025248;0.4640977;0.4960061;0.4085205;519.1;0.2032462;False;11/21/2025 4:21:12 PM:881;1763713272881;;
963;423;0.5932894;0.4631383;0.4953411;0.4028281;519.4;0.2035122;False;11/21/2025 4:21:12 PM:897;1763713272897;;
960;422;0.5911777;0.4627541;0.5442642;0.4163757;519.6;0.2160755;False;11/21/2025 4:21:12 PM:916;1763713272916;;
957;422;0.5895644;0.4624514;0.5442825;0.4163741;519.7;0.2160902;False;11/21/2025 4:21:12 PM:932;1763713272932;;
957;422;0.5895273;0.4619136;0.5837216;0.4105614;520.2;0.2017749;False;11/21/2025 4:21:12 PM:952;1763713272952;;
957;421;0.5894981;0.4614908;0.5837281;0.4105609;520.7;0.2017804;False;11/21/2025 4:21:12 PM:968;1763713272968;;
960;419;0.5915388;0.4589562;0.629053;0.3749495;518.1;0.220313;False;11/21/2025 4:21:12 PM:987;1763713272987;;
917;418;0.5651572;0.4575945;0.4202728;0.3877599;518.1;0.2175883;False;11/21/2025 4:21:13 PM:7;1763713273007;;
869;417;0.5356814;0.4566672;0.3811275;0.3911645;518.1;0.2177867;False;11/21/2025 4:21:13 PM:24;1763713273024;;
875;417;0.5388005;0.456341;0.5991535;0.4025062;517.0;0.2130858;False;11/21/2025 4:21:13 PM:42;1763713273042;;
889;416;0.547915;0.4554833;0.6448677;0.3895479;516.0;0.2134411;False;11/21/2025 4:21:13 PM:59;1763713273059;;
922;416;0.5680625;0.4551794;0.7002172;0.4009045;515.3;0.2125279;False;11/21/2025 4:21:13 PM:79;1763713273079;;
944;415;0.5815048;0.4549539;0.7002437;0.4008918;514.6;0.2126271;False;11/21/2025 4:21:13 PM:95;1763713273095;;
963;415;0.5935436;0.454729;0.7002837;0.4008724;514.0;0.2127794;False;11/21/2025 4:21:13 PM:112;1763713273112;;
972;414;0.5990219;0.4535134;0.6699613;0.3804398;513.6;0.2230391;False;11/21/2025 4:21:13 PM:132;1763713273132;;
972;414;0.5990331;0.4531246;0.6076492;0.4381206;513.7;0.2168052;False;11/21/2025 4:21:13 PM:156;1763713273156;;
974;413;0.5998301;0.4528986;0.632147;0.4394513;513.9;0.2164197;False;11/21/2025 4:21:13 PM:172;1763713273172;;
960;413;0.5912446;0.4523718;0.508342;0.395887;513.8;0.2121975;False;11/21/2025 4:21:13 PM:190;1763713273190;;
936;412;0.5763729;0.4518379;0.4616197;0.3932524;513.6;0.2123009;False;11/21/2025 4:21:13 PM:206;1763713273206;;
934;412;0.5756811;0.4516462;0.5547633;0.4183507;515.0;0.2073098;False;11/21/2025 4:21:13 PM:224;1763713273224;;
933;412;0.5751138;0.4514845;0.5548204;0.4183385;516.3;0.2073508;False;11/21/2025 4:21:13 PM:241;1763713273241;;
933;412;0.5750321;0.4513803;0.5685309;0.4152524;517.7;0.2114279;False;11/21/2025 4:21:13 PM:259;1763713273259;;
934;412;0.5751879;0.4509861;0.5897563;0.3981191;518.1;0.2137637;False;11/21/2025 4:21:13 PM:277;1763713273277;;
934;411;0.575224;0.449983;0.5841421;0.3839266;518.5;0.2140358;False;11/21/2025 4:21:13 PM:294;1763713273294;;
937;411;0.5771704;0.4497936;0.6229351;0.400491;519.0;0.2123236;False;11/21/2025 4:21:13 PM:313;1763713273313;;
940;410;0.5790817;0.4494255;0.6261387;0.3945058;519.5;0.2124699;False;11/21/2025 4:21:13 PM:329;1763713273329;;
943;410;0.5807545;0.4491248;0.6235439;0.4240567;521.6;0.2291142;False;11/21/2025 4:21:13 PM:349;1763713273349;;
945;410;0.5820951;0.4488805;0.6236979;0.4240381;523.5;0.2292493;False;11/21/2025 4:21:13 PM:366;1763713273366;;
949;410;0.5844166;0.4486361;0.6355471;0.4248949;522.6;0.2237166;False;11/21/2025 4:21:13 PM:387;1763713273387;;
913;409;0.5622693;0.4481046;0.4378437;0.3948286;522.1;0.2158916;False;11/21/2025 4:21:13 PM:406;1763713273406;;
875;408;0.5392409;0.4474659;0.4126192;0.3906049;521.7;0.2159971;False;11/21/2025 4:21:13 PM:424;1763713273424;;
911;408;0.5615108;0.4464054;0.708285;0.3803897;521.1;0.2260558;False;11/21/2025 4:21:13 PM:443;1763713273443;;
947;406;0.5834634;0.4448875;0.7311892;0.368575;520.7;0.2264824;False;11/21/2025 4:21:13 PM:460;1763713273460;;
979;402;0.6032789;0.4406663;0.7328708;0.3361308;518.1;0.2237698;False;11/21/2025 4:21:13 PM:479;1763713273479;;
1000;399;0.6161318;0.4371297;0.7214167;0.336679;515.7;0.2239445;False;11/21/2025 4:21:13 PM:498;1763713273498;;
1010;396;0.6219612;0.4342082;0.6954974;0.3376639;514.3;0.2328146;False;11/21/2025 4:21:13 PM:517;1763713273517;;
1015;394;0.6253408;0.4318606;0.6844884;0.3391064;513.0;0.2329301;False;11/21/2025 4:21:13 PM:535;1763713273535;;
1052;392;0.6480553;0.4289727;0.7929322;0.3273761;514.5;0.2292103;False;11/21/2025 4:21:13 PM:552;1763713273552;;
1077;389;0.6635224;0.4265455;0.7838635;0.3279009;515.9;0.2294823;False;11/21/2025 4:21:13 PM:568;1763713273568;;
1116;387;0.6875567;0.4240964;0.8259314;0.3270186;514.5;0.2548118;False;11/21/2025 4:21:13 PM:587;1763713273587;;
1149;385;0.7079488;0.4220092;0.8367078;0.3263428;513.3;0.2548867;False;11/21/2025 4:21:13 PM:605;1763713273605;;
1149;384;0.7080479;0.4205149;0.7133076;0.3319978;512.7;0.2287401;False;11/21/2025 4:21:13 PM:622;1763713273622;;
1151;383;0.7092018;0.4191568;0.7381223;0.3301122;512.2;0.229031;False;11/21/2025 4:21:13 PM:638;1763713273638;;
1163;381;0.716486;0.4179237;0.7936574;0.3307478;511.2;0.2407748;False;11/21/2025 4:21:13 PM:656;1763713273656;;
1173;380;0.7223687;0.416778;0.7930967;0.3296883;510.4;0.240911;False;11/21/2025 4:21:13 PM:674;1763713273674;;
1174;380;0.7231238;0.4160254;0.7473764;0.335236;509.8;0.2270728;False;11/21/2025 4:21:13 PM:692;1763713273692;;
1174;379;0.7229359;0.41565;0.7089199;0.3599543;509.4;0.2443283;False;11/21/2025 4:21:13 PM:711;1763713273711;;
1174;379;0.7230212;0.4151537;0.7310053;0.3383828;509.0;0.2444063;False;11/21/2025 4:21:13 PM:727;1763713273727;;
1177;378;0.7253452;0.4141894;0.7713346;0.3291202;510.2;0.238818;False;11/21/2025 4:21:13 PM:745;1763713273745;;
1184;377;0.729619;0.4132061;0.7941515;0.3264836;511.4;0.2389544;False;11/21/2025 4:21:13 PM:761;1763713273761;;
1203;376;0.7411111;0.411992;0.841783;0.3222525;512.2;0.252236;False;11/21/2025 4:21:13 PM:780;1763713273780;;
1221;375;0.7522826;0.4109849;0.857319;0.3215516;512.9;0.2524905;False;11/21/2025 4:21:13 PM:796;1763713273796;;
1229;374;0.75685;0.4101036;0.8195941;0.3245187;512.7;0.2602177;False;11/21/2025 4:21:13 PM:815;1763713273815;;
1234;374;0.7600904;0.4094487;0.8195916;0.3245191;512.6;0.2602048;False;11/21/2025 4:21:13 PM:831;1763713273831;;
1226;374;0.7554461;0.409377;0.6950425;0.3362956;511.2;0.2391812;False;11/21/2025 4:21:13 PM:850;1763713273850;;
1221;374;0.7519634;0.4093195;0.6950402;0.3362961;509.9;0.2391715;False;11/21/2025 4:21:13 PM:866;1763713273866;;
1231;373;0.7584502;0.408712;0.8341324;0.3253724;508.4;0.247786;False;11/21/2025 4:21:13 PM:885;1763713273885;;
1231;373;0.758473;0.408321;0.7646372;0.3285171;509.3;0.2497675;False;11/21/2025 4:21:13 PM:905;1763713273905;;
1231;372;0.7585216;0.4080476;0.7674131;0.3290775;510.1;0.2498197;False;11/21/2025 4:21:13 PM:920;1763713273920;;
1232;372;0.7588872;0.4077819;0.780178;0.3287164;510.9;0.2499304;False;11/21/2025 4:21:13 PM:937;1763713273937;;
1233;372;0.7594357;0.4076433;0.785248;0.3311676;509.3;0.2475992;False;11/21/2025 4:21:13 PM:954;1763713273954;;
1235;372;0.7609244;0.4074402;0.8038767;0.3290695;507.8;0.2479537;False;11/21/2025 4:21:13 PM:969;1763713273969;;
1243;371;0.7659492;0.4067507;0.8370159;0.3201367;508.0;0.2389362;False;11/21/2025 4:21:13 PM:988;1763713273988;;
1250;371;0.7699119;0.4061781;0.8370236;0.3201355;508.1;0.2389704;False;11/21/2025 4:21:14 PM:4;1763713274004;;
1258;370;0.7750428;0.405878;0.8472017;0.3251215;508.9;0.2279904;False;11/21/2025 4:21:14 PM:24;1763713274024;;
1264;370;0.7788757;0.4056412;0.8472026;0.3251214;509.6;0.2279947;False;11/21/2025 4:21:14 PM:41;1763713274041;;
1256;370;0.7734193;0.4048367;0.7123058;0.3769551;509.8;0.1978213;False;11/21/2025 4:21:14 PM:59;1763713274059;;
1193;371;0.7347268;0.4066538;0.5617846;0.4379666;506.4;0.1219789;True;11/21/2025 4:21:14 PM:76;1763713274076;;
1147;373;0.7066991;0.4084399;0.5634723;0.441913;503.3;0.122249;True;11/21/2025 4:21:14 PM:93;1763713274093;;
1109;374;0.6831834;0.4099119;0.5593373;0.4397282;501.0;0.1139099;True;11/21/2025 4:21:14 PM:110;1763713274110;;
1083;375;0.6672009;0.4111743;0.5646591;0.4408816;498.9;0.1140691;True;11/21/2025 4:21:14 PM:128;1763713274128;;
1059;377;0.6524664;0.4129541;0.5602388;0.4501661;494.1;0.1272427;True;11/21/2025 4:21:14 PM:146;1763713274146;;
1042;378;0.6421468;0.4143062;0.5602276;0.4501596;489.9;0.1273038;True;11/21/2025 4:21:14 PM:162;1763713274162;;
1033;381;0.6365979;0.4171235;0.5803311;0.4749547;493.9;0.1324672;True;11/21/2025 4:21:14 PM:179;1763713274179;;
1033;385;0.6364338;0.4214448;0.6323508;0.4970107;497.6;0.1326283;True;11/21/2025 4:21:14 PM:195;1763713274195;;
1034;388;0.6369361;0.4255491;0.6799964;0.4973446;495.4;0.1454699;True;11/21/2025 4:21:14 PM:214;1763713274214;;
1035;391;0.637342;0.4287406;0.6800103;0.4973401;493.5;0.1455313;True;11/21/2025 4:21:14 PM:232;1763713274232;;
1042;394;0.6418328;0.4319357;0.722878;0.4995275;493.8;0.1675646;True;11/21/2025 4:21:14 PM:250;1763713274250;;
1048;397;0.645356;0.4344572;0.7228898;0.499523;494.1;0.1676282;True;11/21/2025 4:21:14 PM:267;1763713274267;;
1054;400;0.6495006;0.4385578;0.730167;0.5207981;494.8;0.1556271;True;11/21/2025 4:21:14 PM:285;1763713274285;;
1087;402;0.6693633;0.4404116;0.8154089;0.4986399;492.9;0.1729929;False;11/21/2025 4:21:14 PM:303;1763713274303;;
1109;404;0.6834182;0.4421883;0.8148963;0.5048237;491.1;0.1731721;False;11/21/2025 4:21:14 PM:319;1763713274319;;
1109;405;0.6834893;0.4433404;0.7071736;0.4946541;491.9;0.1713094;False;11/21/2025 4:21:14 PM:337;1763713274337;;
1110;406;0.6835478;0.4442763;0.707196;0.4946457;492.5;0.1714275;False;11/21/2025 4:21:14 PM:353;1763713274353;;
1110;406;0.6836069;0.4451974;0.7071776;0.4946527;493.1;0.1713301;False;11/21/2025 4:21:14 PM:371;1763713274371;;
1110;407;0.6837026;0.4461331;0.7122375;0.4961092;493.4;0.166907;True;11/21/2025 4:21:14 PM:390;1763713274390;;
1112;408;0.6847714;0.4471127;0.7319941;0.5010103;493.7;0.1670799;True;11/21/2025 4:21:14 PM:407;1763713274407;;
1119;408;0.6892642;0.4472831;0.7655244;0.4803892;496.5;0.168023;True;11/21/2025 4:21:14 PM:426;1763713274426;;
1138;409;0.7008616;0.4478661;0.8106625;0.4931088;498.5;0.1606324;True;11/21/2025 4:21:14 PM:447;1763713274447;;
1151;409;0.7092223;0.4483165;0.8106778;0.4931033;500.3;0.1607062;True;11/21/2025 4:21:14 PM:463;1763713274463;;
1146;410;0.7061563;0.4489146;0.6659282;0.497141;502.4;0.1601889;True;11/21/2025 4:21:14 PM:483;1763713274483;;
1142;410;0.7037811;0.4494027;0.6659582;0.4971314;504.3;0.1603295;True;11/21/2025 4:21:14 PM:499;1763713274499;;
1140;412;0.7025012;0.4512957;0.6763055;0.5242986;506.0;0.1601394;True;11/21/2025 4:21:14 PM:518;1763713274518;;
1139;413;0.7014158;0.4529341;0.6763155;0.5242952;507.6;0.1601905;True;11/21/2025 4:21:14 PM:536;1763713274536;;
1133;414;0.6978528;0.4532455;0.6481897;0.5000021;506.3;0.171102;True;11/21/2025 4:21:14 PM:556;1763713274556;;
1133;414;0.697852;0.4532721;0.6977631;0.4544882;508.3;0.1627174;True;11/21/2025 4:21:14 PM:574;1763713274574;;
1133;414;0.6978516;0.4532931;0.6978003;0.4544524;510.0;0.1629222;True;11/21/2025 4:21:14 PM:591;1763713274591;;
1134;415;0.6984065;0.4542443;0.7240092;0.5104126;513.9;0.1691799;True;11/21/2025 4:21:14 PM:610;1763713274610;;
1135;415;0.6989018;0.4550981;0.7239994;0.5104156;517.4;0.1691277;True;11/21/2025 4:21:14 PM:631;1763713274631;;
1118;416;0.6887403;0.455965;0.5994455;0.5143902;516.5;0.1709213;True;11/21/2025 4:21:14 PM:649;1763713274649;;
1118;417;0.6886602;0.4568714;0.6829246;0.5190222;515.8;0.1711624;False;11/21/2025 4:21:14 PM:665;1763713274665;;
1119;417;0.6891152;0.4571085;0.7139305;0.5030401;516.1;0.1733085;False;11/21/2025 4:21:14 PM:683;1763713274683;;
1120;417;0.6899059;0.4572923;0.7214132;0.5018731;519.1;0.1718328;False;11/21/2025 4:21:14 PM:702;1763713274702;;
1121;418;0.6905113;0.4574354;0.7214316;0.5018677;521.8;0.1719269;False;11/21/2025 4:21:14 PM:718;1763713274718;;
1127;418;0.6939724;0.4575421;0.7563275;0.4911424;520.6;0.1831915;False;11/21/2025 4:21:14 PM:736;1763713274736;;
1133;418;0.698022;0.4576827;0.7671463;0.4876463;519.4;0.183338;False;11/21/2025 4:21:14 PM:753;1763713274753;;
1133;418;0.6980869;0.4577215;0.7052902;0.4965668;519.5;0.188945;False;11/21/2025 4:21:14 PM:770;1763713274770;;
1132;418;0.6976491;0.4578643;0.6823652;0.4858241;519.6;0.1890846;False;11/21/2025 4:21:14 PM:787;1763713274787;;
1132;418;0.6972547;0.4579965;0.682386;0.4858061;519.7;0.1892192;False;11/21/2025 4:21:14 PM:804;1763713274804;;
1132;419;0.6972561;0.4585008;0.7072481;0.5106083;518.2;0.1790293;False;11/21/2025 4:21:14 PM:821;1763713274821;;
1137;420;0.7005952;0.4596457;0.7599816;0.5245143;516.9;0.1793859;False;11/21/2025 4:21:14 PM:840;1763713274840;;
1137;421;0.7006151;0.4609347;0.7141573;0.5311379;516.9;0.1919479;False;11/21/2025 4:21:14 PM:857;1763713274857;;
1137;422;0.7006571;0.4621845;0.7156868;0.5334382;516.9;0.1924478;False;11/21/2025 4:21:14 PM:873;1763713274873;;
1137;422;0.7006899;0.462274;0.7045325;0.5004379;515.7;0.1924576;False;11/21/2025 4:21:14 PM:890;1763713274890;;
1146;422;0.7061073;0.4624456;0.7804681;0.4710253;514.9;0.1882012;False;11/21/2025 4:21:14 PM:909;1763713274909;;
1153;422;0.7105465;0.4625926;0.7804813;0.4710118;514.1;0.1882909;False;11/21/2025 4:21:14 PM:927;1763713274927;;
1154;423;0.7107539;0.4631387;0.7339702;0.515022;515.9;0.1821787;False;11/21/2025 4:21:14 PM:945;1763713274945;;
1155;423;0.7114361;0.4635073;0.7463179;0.5127765;517.6;0.182382;False;11/21/2025 4:21:14 PM:962;1763713274962;;
1155;423;0.7114716;0.4637838;0.7264819;0.5099319;516.4;0.1767633;False;11/21/2025 4:21:14 PM:982;1763713274982;;
1155;424;0.7114992;0.4639981;0.7264817;0.5099319;515.4;0.1767637;False;11/21/2025 4:21:14 PM:999;1763713274999;;
1170;424;0.7209269;0.4640196;0.8178251;0.503261;516.5;0.1866389;False;11/21/2025 4:21:15 PM:19;1763713275019;;
1169;424;0.7201068;0.4641781;0.7004941;0.4945859;518.8;0.1768181;False;11/21/2025 4:21:15 PM:38;1763713275038;;
1168;424;0.7196692;0.4643308;0.7044185;0.4919493;520.9;0.1770704;False;11/21/2025 4:21:15 PM:55;1763713275055;;
1182;424;0.7281533;0.4643465;0.822509;0.5002024;519.8;0.1823999;False;11/21/2025 4:21:15 PM:71;1763713275071;;
1189;424;0.7323179;0.4644752;0.8003908;0.4929214;518.9;0.1826408;False;11/21/2025 4:21:15 PM:89;1763713275089;;
1190;424;0.7327648;0.4645563;0.7608053;0.4956917;521.1;0.1903263;False;11/21/2025 4:21:15 PM:107;1763713275107;;
1190;424;0.7331892;0.4646346;0.7608259;0.4956849;523.0;0.1904565;False;11/21/2025 4:21:15 PM:127;1763713275127;;
1193;425;0.7350457;0.4650062;0.7848269;0.5125032;521.6;0.1877228;False;11/21/2025 4:21:15 PM:145;1763713275145;;
1195;425;0.7362362;0.465015;0.7809328;0.50018;520.3;0.1882781;False;11/21/2025 4:21:15 PM:160;1763713275160;;
1195;425;0.7363283;0.4651298;0.7473904;0.4943489;521.1;0.1834769;False;11/21/2025 4:21:15 PM:179;1763713275179;;
1194;425;0.7355592;0.4652975;0.7161546;0.4865734;522.7;0.1864587;False;11/21/2025 4:21:15 PM:198;1763713275198;;
1193;425;0.735127;0.4653074;0.72007;0.4980536;524.1;0.186894;False;11/21/2025 4:21:15 PM:214;1763713275214;;
1192;425;0.7345558;0.46545;0.7162041;0.4865351;525.4;0.1867947;False;11/21/2025 4:21:15 PM:232;1763713275232;;
1194;425;0.7353809;0.465461;0.7673234;0.4975819;520.6;0.1768715;False;11/21/2025 4:21:15 PM:251;1763713275251;;
1195;425;0.7360623;0.4654706;0.7673312;0.4975798;516.3;0.1769183;False;11/21/2025 4:21:15 PM:269;1763713275269;;
1196;425;0.7369117;0.4658142;0.7712033;0.5096956;519.0;0.1914337;False;11/21/2025 4:21:15 PM:289;1763713275289;;
1198;426;0.737996;0.4661635;0.7788832;0.5124463;521.5;0.1921055;False;11/21/2025 4:21:15 PM:305;1763713275305;;
1200;426;0.7392395;0.4662417;0.7828213;0.4952649;522.2;0.1736807;False;11/21/2025 4:21:15 PM:322;1763713275322;;
1200;426;0.739228;0.4663965;0.7385962;0.5062205;522.4;0.183327;False;11/21/2025 4:21:15 PM:340;1763713275340;;
1200;426;0.7392195;0.4665216;0.7386428;0.5062075;522.5;0.183604;False;11/21/2025 4:21:15 PM:354;1763713275354;;
1202;426;0.7401713;0.4666151;0.7780002;0.5047486;521.8;0.1762029;False;11/21/2025 4:21:15 PM:373;1763713275373;;
1204;426;0.7416443;0.4667296;0.7888814;0.5063412;521.2;0.1763304;False;11/21/2025 4:21:15 PM:388;1763713275388;;
1202;426;0.7405913;0.46694;0.7164643;0.5098836;519.9;0.1836044;False;11/21/2025 4:21:15 PM:405;1763713275405;;
1201;426;0.7397571;0.4671124;0.7165002;0.5098736;518.7;0.1838255;False;11/21/2025 4:21:15 PM:422;1763713275422;;
1201;427;0.7397838;0.4672027;0.7483823;0.4984087;516.6;0.1844076;False;11/21/2025 4:21:15 PM:440;1763713275440;;
1201;427;0.7398877;0.4673141;0.7567255;0.4962575;514.7;0.1845315;False;11/21/2025 4:21:15 PM:458;1763713275458;;
1201;427;0.7400841;0.4673429;0.7605882;0.5006804;515.5;0.1819485;False;11/21/2025 4:21:15 PM:477;1763713275477;;
1201;427;0.7400944;0.4674451;0.7516848;0.4956843;516.2;0.1823736;False;11/21/2025 4:21:15 PM:494;1763713275494;;
1200;427;0.7389976;0.4674878;0.7128972;0.5030317;515.7;0.179964;False;11/21/2025 4:21:15 PM:513;1763713275513;;
1198;427;0.7381102;0.4675238;0.7129174;0.5030265;515.3;0.1800772;False;11/21/2025 4:21:15 PM:531;1763713275531;;
1206;427;0.7427955;0.4677624;0.8112604;0.5109211;514.2;0.1768695;False;11/21/2025 4:21:15 PM:547;1763713275547;;
1206;427;0.7428098;0.4679028;0.7528518;0.4924549;515.7;0.1850473;False;11/21/2025 4:21:15 PM:565;1763713275565;;
1206;427;0.7428235;0.468029;0.7529204;0.4924362;517.1;0.1854586;False;11/21/2025 4:21:15 PM:582;1763713275582;;
1205;427;0.7421973;0.4681223;0.7221927;0.4949861;515.9;0.185204;False;11/21/2025 4:21:15 PM:601;1763713275601;;
1204;427;0.7417614;0.4681723;0.7239998;0.4971553;514.8;0.1854455;False;11/21/2025 4:21:15 PM:617;1763713275617;;
1203;427;0.7413734;0.468218;0.7240005;0.4971551;513.8;0.1854489;False;11/21/2025 4:21:15 PM:634;1763713275634;;
1203;428;0.7413793;0.4683029;0.7454391;0.4938981;512.7;0.1742259;False;11/21/2025 4:21:15 PM:653;1763713275653;;
1204;428;0.741877;0.4683527;0.7656901;0.4958444;511.7;0.1747295;False;11/21/2025 4:21:15 PM:670;1763713275670;;
1200;428;0.7392796;0.4688685;0.6927715;0.5168309;512.3;0.1773183;False;11/21/2025 4:21:15 PM:687;1763713275687;;
1196;428;0.7369459;0.4690985;0.6886643;0.5109057;512.7;0.1775311;False;11/21/2025 4:21:15 PM:703;1763713275703;;
1196;428;0.7369303;0.4692167;0.7327494;0.4935988;513.6;0.1714367;False;11/21/2025 4:21:15 PM:721;1763713275721;;
1199;429;0.7386674;0.4695505;0.7788563;0.5138301;514.8;0.1833034;False;11/21/2025 4:21:15 PM:739;1763713275739;;
1202;429;0.7405894;0.4698648;0.7839285;0.5142382;515.9;0.1834943;False;11/21/2025 4:21:15 PM:756;1763713275756;;
1200;429;0.7393932;0.4700177;0.7084959;0.4917172;516.1;0.1900915;False;11/21/2025 4:21:15 PM:775;1763713275775;;
1199;429;0.7384235;0.4701453;0.7085111;0.4917129;516.2;0.190185;False;11/21/2025 4:21:15 PM:793;1763713275793;;
1200;430;0.7389693;0.470657;0.7604826;0.5182259;515.9;0.1880982;False;11/21/2025 4:21:15 PM:811;1763713275811;;
1200;430;0.7392001;0.4712597;0.7544391;0.5227616;515.6;0.1883191;False;11/21/2025 4:21:15 PM:830;1763713275830;;
1199;430;0.738536;0.4714467;0.7159862;0.5117315;512.7;0.1822409;False;11/21/2025 4:21:15 PM:850;1763713275850;;
1198;431;0.7380049;0.4715999;0.7160204;0.511722;510.1;0.1824425;False;11/21/2025 4:21:15 PM:868;1763713275868;;
1189;431;0.7325659;0.4716053;0.6641136;0.5062872;510.8;0.1808899;False;11/21/2025 4:21:15 PM:888;1763713275888;;
1187;431;0.7314848;0.4716821;0.6979007;0.5021874;511.6;0.1738657;False;11/21/2025 4:21:15 PM:907;1763713275907;;
1187;431;0.7313563;0.4717053;0.7164407;0.5068316;512.2;0.1742088;False;11/21/2025 4:21:15 PM:923;1763713275923;;
1188;431;0.7319095;0.4717119;0.7515196;0.5060496;513.2;0.1808218;False;11/21/2025 4:21:15 PM:941;1763713275941;;
1190;431;0.7330725;0.4718023;0.7655395;0.5102357;514.1;0.1812239;False;11/21/2025 4:21:15 PM:957;1763713275957;;
1185;431;0.7300017;0.4718402;0.6780649;0.5046927;511.6;0.1840356;False;11/21/2025 4:21:15 PM:977;1763713275977;;
1181;431;0.7276157;0.4718712;0.6780455;0.5046983;509.4;0.1839116;False;11/21/2025 4:21:15 PM:994;1763713275994;;
1184;431;0.7295757;0.4718931;0.764257;0.5052851;508.1;0.169626;True;11/21/2025 4:21:16 PM:16;1763713276016;;
1175;431;0.7236134;0.471899;0.6502993;0.5058143;508.3;0.1765952;False;11/21/2025 4:21:16 PM:36;1763713276036;;
1172;431;0.7217827;0.4719265;0.6781455;0.5070215;508.4;0.1775315;False;11/21/2025 4:21:16 PM:54;1763713276054;;
1169;431;0.720241;0.4719512;0.6780897;0.5070377;508.6;0.1771894;False;11/21/2025 4:21:16 PM:72;1763713276072;;
1169;431;0.7202912;0.4719785;0.7235463;0.5050136;504.6;0.1827677;False;11/21/2025 4:21:16 PM:92;1763713276092;;
1171;431;0.7214378;0.4721524;0.7480676;0.4840194;506.0;0.1836814;False;11/21/2025 4:21:16 PM:113;1763713276113;;
1175;431;0.7235332;0.4722433;0.7636145;0.4978752;507.2;0.184095;False;11/21/2025 4:21:16 PM:132;1763713276132;;
1188;431;0.731842;0.4721591;0.8101017;0.4685163;509.4;0.1846932;False;11/21/2025 4:21:16 PM:152;1763713276152;;
1198;431;0.7378058;0.4720945;0.8101338;0.4684953;511.4;0.1848878;False;11/21/2025 4:21:16 PM:171;1763713276171;;
1197;431;0.7372492;0.472332;0.7153369;0.5070717;515.3;0.1562623;True;11/21/2025 4:21:16 PM:189;1763713276189;;
1197;431;0.7375478;0.4724101;0.7539679;0.5013052;514.3;0.1721272;False;11/21/2025 4:21:16 PM:207;1763713276207;;
1198;431;0.7378046;0.4724779;0.7540172;0.5012919;513.4;0.1723883;False;11/21/2025 4:21:16 PM:225;1763713276225;;
1200;432;0.7394131;0.4729794;0.7804125;0.5179775;511.4;0.1928445;False;11/21/2025 4:21:16 PM:242;1763713276242;;
1202;432;0.7402807;0.4734302;0.7728602;0.5187597;509.7;0.1937713;False;11/21/2025 4:21:16 PM:258;1763713276258;;
1200;432;0.7389671;0.4735304;0.7077693;0.4932775;505.9;0.1885294;False;11/21/2025 4:21:16 PM:277;1763713276277;;
1198;432;0.7379555;0.4736101;0.707772;0.4932768;502.6;0.1885455;False;11/21/2025 4:21:16 PM:293;1763713276293;;
1202;433;0.7403415;0.473788;0.786666;0.5081671;503.9;0.1906354;False;11/21/2025 4:21:16 PM:312;1763713276312;;
1205;433;0.7420639;0.4739207;0.7866966;0.5081591;505.0;0.1908225;False;11/21/2025 4:21:16 PM:328;1763713276328;;
1206;434;0.7430422;0.4748887;0.7751772;0.5294747;509.1;0.1770812;False;11/21/2025 4:21:16 PM:347;1763713276347;;
1207;434;0.7434894;0.4754868;0.7690594;0.5261372;508.9;0.1891409;False;11/21/2025 4:21:16 PM:364;1763713276364;;
1208;434;0.7442014;0.4758759;0.7762825;0.5222582;508.8;0.1897132;False;11/21/2025 4:21:16 PM:380;1763713276380;;
1205;434;0.7424558;0.4749445;0.706275;0.4474518;510.1;0.1918221;False;11/21/2025 4:21:16 PM:397;1763713276397;;
1203;433;0.7413705;0.4745781;0.7119423;0.4589744;511.4;0.1921784;False;11/21/2025 4:21:16 PM:413;1763713276413;;
1202;433;0.7407448;0.4746694;0.7190561;0.5032281;510.4;0.1743607;False;11/21/2025 4:21:16 PM:432;1763713276432;;
1202;433;0.740237;0.4747454;0.7191198;0.5032107;509.6;0.1747205;False;11/21/2025 4:21:16 PM:449;1763713276449;;
1152;433;0.7098112;0.4748297;0.5494128;0.5039853;509.6;0.20203;False;11/21/2025 4:21:16 PM:466;1763713276466;;
1111;434;0.6844922;0.4748737;0.5335602;0.4791781;509.6;0.2027412;False;11/21/2025 4:21:16 PM:481;1763713276481;;
1078;434;0.6638665;0.4749148;0.5336094;0.4791746;509.6;0.2027858;False;11/21/2025 4:21:16 PM:496;1763713276496;;
1059;434;0.6524134;0.4749297;0.5615457;0.4970735;510.1;0.1889475;False;11/21/2025 4:21:16 PM:513;1763713276513;;
1047;433;0.645127;0.4745023;0.5726996;0.4551128;510.4;0.1893244;False;11/21/2025 4:21:16 PM:530;1763713276530;;
1015;433;0.6250919;0.4746796;0.5068368;0.5028242;512.7;0.1975729;False;11/21/2025 4:21:16 PM:548;1763713276548;;
992;433;0.6113018;0.4748176;0.5070286;0.5028113;514.8;0.1978306;False;11/21/2025 4:21:16 PM:563;1763713276563;;
996;434;0.6135079;0.4748533;0.6727219;0.4908369;515.8;0.1935278;False;11/21/2025 4:21:16 PM:583;1763713276583;;
