X Filtered Pixel; Y Filtered Pixel; X Filtered Normalized; Y Filtered Normalized; X Raw Normalized; Y Raw Normalized; Distance to Camera in mm; Eye Aspect Ratio (Height/Width); Blinking; Timestamp With Milliseconds; Unix Timestamp In Milliseconds; AOI List; Additional Notes
654;648;0.4027942;0.7091812;0.4027942;0.7091812;472.3;0.2213789;False;11/23/2025 9:30:01 AM:993;1763861401993;;
721;647;0.443977;0.7081116;0.6096209;0.6689686;472.4;0.2347046;False;11/23/2025 9:30:02 AM:14;1763861402014;;
703;647;0.433482;0.7081071;0.3334502;0.7032024;473.0;0.2379926;False;11/23/2025 9:30:02 AM:34;1763861402034;;
719;644;0.4430973;0.7049455;0.5191509;0.6372779;475.8;0.2528827;False;11/23/2025 9:30:02 AM:56;1763861402056;;
720;644;0.4438919;0.7055866;0.465002;0.7340863;478.3;0.2535512;False;11/23/2025 9:30:02 AM:74;1763861402074;;
801;629;0.4938065;0.688871;0.6678964;0.538429;482.8;0.2409635;False;11/23/2025 9:30:02 AM:95;1763861402095;;
820;630;0.5051;0.6896394;0.5803699;0.7183888;481.8;0.2335659;False;11/23/2025 9:30:02 AM:118;1763861402118;;
828;630;0.5104634;0.6897926;0.5670282;0.703862;481.0;0.2349323;False;11/23/2025 9:30:02 AM:136;1763861402136;;
836;631;0.5153377;0.6911917;0.5650569;0.7342739;479.5;0.2552933;False;11/23/2025 9:30:02 AM:157;1763861402157;;
844;632;0.5198504;0.6919621;0.5692234;0.7257966;478.3;0.2545965;False;11/23/2025 9:30:02 AM:180;1763861402180;;
887;628;0.546193;0.6873109;0.6715456;0.6107206;477.3;0.2283604;False;11/23/2025 9:30:02 AM:201;1763861402201;;
916;624;0.5644886;0.6837086;0.6716919;0.6106636;476.4;0.2288037;False;11/23/2025 9:30:02 AM:222;1763861402222;;
923;622;0.5687088;0.6808867;0.6177952;0.6123441;483.1;0.2517256;False;11/23/2025 9:30:02 AM:242;1763861402242;;
940;620;0.5793995;0.6789327;0.6530062;0.62486;485.2;0.2426391;False;11/23/2025 9:30:02 AM:266;1763861402266;;
943;616;0.5811029;0.6742426;0.6113364;0.5849876;487.1;0.2413582;False;11/23/2025 9:30:02 AM:287;1763861402287;;
943;609;0.5809857;0.667177;0.5636291;0.5605271;485.8;0.2322135;False;11/23/2025 9:30:02 AM:309;1763861402309;;
955;611;0.5884395;0.6692083;0.6602474;0.7143644;486.1;0.2288172;False;11/23/2025 9:30:02 AM:329;1763861402329;;
963;613;0.593118;0.671528;0.6518443;0.7238939;486.4;0.2297403;False;11/23/2025 9:30:02 AM:348;1763861402348;;
951;622;0.5855991;0.6811758;0.5044473;0.7937041;485.9;0.2461888;False;11/23/2025 9:30:02 AM:368;1763861402368;;
945;622;0.5820758;0.681181;0.5247143;0.6821272;486.6;0.2342372;False;11/23/2025 9:30:02 AM:388;1763861402388;;
941;622;0.5794426;0.6811847;0.5249719;0.6820847;487.2;0.2346137;False;11/23/2025 9:30:02 AM:406;1763861402406;;
940;634;0.5794284;0.6944728;0.5656698;0.8294185;488.3;0.2619607;False;11/23/2025 9:30:02 AM:426;1763861402426;;
940;644;0.579423;0.7046177;0.5661019;0.8294323;489.3;0.2623799;False;11/23/2025 9:30:02 AM:445;1763861402445;;
966;646;0.5952566;0.707749;0.6988574;0.7767572;487.7;0.2555231;False;11/23/2025 9:30:02 AM:465;1763861402465;;
1014;631;0.6249406;0.6912403;0.7652608;0.5429583;485.2;0.2477258;False;11/23/2025 9:30:02 AM:485;1763861402485;;
1049;620;0.6461544;0.678528;0.7654592;0.54273;482.8;0.2482489;False;11/23/2025 9:30:02 AM:504;1763861402504;;
1074;608;0.6615833;0.6655774;0.7540852;0.535984;480.3;0.2495239;False;11/23/2025 9:30:02 AM:527;1763861402527;;
1091;605;0.6721519;0.6625539;0.749812;0.595176;477.6;0.2616552;False;11/23/2025 9:30:02 AM:547;1763861402547;;
1104;603;0.6802244;0.6600654;0.75008;0.5949029;475.1;0.2626247;False;11/23/2025 9:30:02 AM:567;1763861402567;;
1115;601;0.6869325;0.6578547;0.7500863;0.5948965;472.9;0.2626466;False;11/23/2025 9:30:02 AM:589;1763861402589;;
1141;584;0.7028394;0.6391863;0.8033898;0.4735634;473.7;0.2399348;False;11/23/2025 9:30:02 AM:610;1763861402610;;
1179;581;0.7264511;0.6361895;0.8433147;0.564321;474.1;0.2886584;False;11/23/2025 9:30:02 AM:632;1763861402632;;
1206;579;0.7427003;0.6338775;0.8431135;0.5645129;474.6;0.2878686;False;11/23/2025 9:30:02 AM:654;1763861402654;;
1217;576;0.7497856;0.6309597;0.8122944;0.5546762;473.1;0.2736202;False;11/23/2025 9:30:02 AM:675;1763861402675;;
1221;574;0.7523246;0.6283196;0.7904923;0.5502687;471.4;0.2819742;False;11/23/2025 9:30:02 AM:696;1763861402696;;
1221;573;0.7522818;0.6274737;0.7442316;0.5719414;470.0;0.2835722;False;11/23/2025 9:30:02 AM:715;1763861402715;;
1211;594;0.7461614;0.6502497;0.6704167;0.8108626;471.2;0.2819609;False;11/23/2025 9:30:02 AM:735;1763861402735;;
1212;604;0.7463649;0.6610047;0.7542335;0.7694088;472.6;0.2701964;False;11/23/2025 9:30:02 AM:756;1763861402756;;
1212;612;0.7465413;0.6696191;0.7543253;0.7692872;473.8;0.2707095;False;11/23/2025 9:30:02 AM:776;1763861402776;;
1215;612;0.7482692;0.6699404;0.7809207;0.6840647;473.4;0.2893904;False;11/23/2025 9:30:02 AM:797;1763861402797;;
1225;611;0.7544776;0.6689621;0.8193035;0.6236709;473.4;0.2756245;False;11/23/2025 9:30:02 AM:820;1763861402820;;
1232;610;0.7590746;0.6681915;0.819509;0.6234785;473.5;0.2764017;False;11/23/2025 9:30:02 AM:839;1763861402839;;
1231;609;0.7582276;0.6666541;0.7330511;0.6104855;473.1;0.3016156;False;11/23/2025 9:30:02 AM:862;1763861402862;;
1236;597;0.7611939;0.6538468;0.8076076;0.5121733;469.6;0.2816108;False;11/23/2025 9:30:02 AM:883;1763861402883;;
1249;592;0.7692838;0.6487577;0.8475417;0.550834;466.5;0.2845179;False;11/23/2025 9:30:02 AM:905;1763861402905;;
1252;589;0.7713396;0.6444709;0.8139376;0.548924;466.2;0.2722265;False;11/23/2025 9:30:02 AM:925;1763861402925;;
1253;554;0.7716599;0.6069876;0.7910664;0.3668039;467.7;0.2697198;False;11/23/2025 9:30:02 AM:945;1763861402945;;
1253;529;0.7719306;0.5792923;0.7912646;0.3667979;468.9;0.2705103;False;11/23/2025 9:30:02 AM:964;1763861402964;;
1177;487;0.7250309;0.5332881;0.5485384;0.2800333;474.5;0.3037329;False;11/23/2025 9:30:02 AM:984;1763861402984;;
1126;467;0.6938257;0.5112502;0.5517321;0.3302624;479.5;0.3046558;False;11/23/2025 9:30:03 AM:3;1763861403003;;
1084;439;0.6677251;0.480496;0.548719;0.2800263;484.0;0.3039642;False;11/23/2025 9:30:03 AM:24;1763861403024;;
933;435;0.5749636;0.4759847;0.3488796;0.3945566;485.3;0.2654841;False;11/23/2025 9:30:03 AM:44;1763861403044;;
793;434;0.488437;0.475374;0.2882665;0.4425296;494.4;0.2618319;False;11/23/2025 9:30:03 AM:64;1763861403064;;
694;432;0.4276902;0.4727145;0.2724243;0.4050382;502.5;0.2633201;False;11/23/2025 9:30:03 AM:83;1763861403083;;
565;434;0.3479475;0.4755563;0.1915314;0.5316457;504.8;0.2760314;False;11/23/2025 9:30:03 AM:106;1763861403106;;
503;447;0.3099125;0.4895371;0.2075776;0.6291736;509.2;0.2823565;False;11/23/2025 9:30:03 AM:126;1763861403126;;
456;451;0.2810928;0.4942127;0.1986211;0.5760667;513.3;0.2841017;False;11/23/2025 9:30:03 AM:145;1763861403145;;
431;430;0.265892;0.471104;0.2156232;0.2984183;512.5;0.2807632;False;11/23/2025 9:30:03 AM:167;1763861403167;;
417;406;0.2572695;0.4447591;0.2230819;0.2586361;514.2;0.2995127;False;11/23/2025 9:30:03 AM:187;1763861403187;;
406;393;0.2504306;0.4308389;0.2174381;0.2865874;515.8;0.3005832;False;11/23/2025 9:30:03 AM:206;1763861403206;;
398;378;0.245379;0.4139346;0.2211951;0.2653399;513.4;0.2946133;False;11/23/2025 9:30:03 AM:227;1763861403227;;
393;367;0.2420063;0.4018889;0.221188;0.265356;511.2;0.2943864;False;11/23/2025 9:30:03 AM:245;1763861403245;;
397;357;0.2445823;0.3911907;0.2667839;0.2721217;511.2;0.2897757;False;11/23/2025 9:30:03 AM:267;1763861403267;;
401;357;0.247466;0.3906242;0.2810194;0.3584301;515.2;0.2807261;False;11/23/2025 9:30:03 AM:291;1763861403291;;
404;357;0.2490357;0.3905926;0.3187859;0.3759946;518.8;0.2823032;False;11/23/2025 9:30:03 AM:310;1763861403310;;
399;354;0.2459308;0.3883118;0.2237575;0.3263948;520.7;0.2935791;False;11/23/2025 9:30:03 AM:333;1763861403333;;
395;344;0.2436837;0.3770529;0.2253366;0.2487627;520.8;0.2816114;False;11/23/2025 9:30:03 AM:355;1763861403355;;
393;337;0.242122;0.3690381;0.2253328;0.2487725;520.9;0.281505;False;11/23/2025 9:30:03 AM:374;1763861403374;;
382;347;0.2357294;0.3801539;0.1878342;0.4936391;526.1;0.2942761;False;11/23/2025 9:30:03 AM:395;1763861403395;;
374;352;0.2305686;0.3853535;0.1865218;0.4642734;524.3;0.275874;False;11/23/2025 9:30:03 AM:415;1763861403415;;
368;355;0.2270841;0.3891693;0.1890901;0.4624948;522.6;0.2769718;False;11/23/2025 9:30:03 AM:434;1763861403434;;
363;358;0.224051;0.39261;0.189102;0.4624776;521.1;0.2774988;False;11/23/2025 9:30:03 AM:453;1763861403453;;
358;367;0.2210543;0.4016988;0.1883759;0.508633;520.9;0.2942786;False;11/23/2025 9:30:03 AM:475;1763861403475;;
359;370;0.2211491;0.4053257;0.2475776;0.478838;524.3;0.2794951;False;11/23/2025 9:30:03 AM:497;1763861403497;;
360;372;0.2218452;0.4079976;0.2651963;0.4785432;527.4;0.2809575;False;11/23/2025 9:30:03 AM:516;1763861403516;;
356;375;0.2194854;0.4109764;0.1874696;0.4843317;535.8;0.2783497;False;11/23/2025 9:30:03 AM:536;1763861403536;;
355;390;0.2186471;0.4276522;0.2019068;0.5869132;537.4;0.2964582;False;11/23/2025 9:30:03 AM:557;1763861403557;;
355;400;0.2186384;0.4379635;0.2182571;0.5737066;538.9;0.2971169;False;11/23/2025 9:30:03 AM:575;1763861403575;;
355;400;0.2189764;0.4386764;0.2474065;0.4838598;538.4;0.2612446;False;11/23/2025 9:30:03 AM:596;1763861403596;;
359;400;0.2212465;0.4386812;0.2762392;0.4628995;537.9;0.2625061;False;11/23/2025 9:30:03 AM:614;1763861403614;;
358;416;0.2205009;0.4551616;0.2051437;0.6093001;541.2;0.2979789;False;11/23/2025 9:30:03 AM:638;1763861403638;;
356;422;0.2194797;0.462367;0.198786;0.5729352;545.7;0.2892825;False;11/23/2025 9:30:03 AM:660;1763861403660;;
399;431;0.2458519;0.4715555;0.3784527;0.5918572;551.6;0.2998998;False;11/23/2025 9:30:03 AM:684;1763861403684;;
426;436;0.2625102;0.4778356;0.3785652;0.5918533;556.8;0.3001287;False;11/23/2025 9:30:03 AM:704;1763861403704;;
425;456;0.2617381;0.4992023;0.238638;0.6856718;559.4;0.3252358;False;11/23/2025 9:30:03 AM:726;1763861403726;;
425;456;0.2618116;0.499224;0.2704453;0.5361781;560.8;0.3306638;False;11/23/2025 9:30:03 AM:746;1763861403746;;
423;456;0.2610238;0.4996583;0.2355517;0.5496417;562.2;0.3323517;False;11/23/2025 9:30:03 AM:765;1763861403765;;
414;456;0.255496;0.4997568;0.1886289;0.5044319;563.9;0.3094796;False;11/23/2025 9:30:03 AM:785;1763861403785;;
409;457;0.2518947;0.500236;0.1958033;0.5488317;565.5;0.3111476;False;11/23/2025 9:30:03 AM:805;1763861403805;;
417;456;0.2568502;0.4995021;0.3181891;0.478971;561.1;0.2448033;False;11/23/2025 9:30:03 AM:825;1763861403825;;
418;456;0.2574761;0.4995059;0.2793175;0.5288917;564.8;0.2861297;False;11/23/2025 9:30:03 AM:845;1763861403845;;
418;456;0.2579947;0.4995098;0.2798546;0.5289303;568.1;0.2872064;False;11/23/2025 9:30:03 AM:864;1763861403864;;
419;456;0.2580475;0.4995245;0.2656533;0.5003169;571.1;0.2872727;False;11/23/2025 9:30:03 AM:883;1763861403883;;
410;455;0.2525441;0.498383;0.187281;0.4679924;567.5;0.3105195;False;11/23/2025 9:30:03 AM:903;1763861403903;;
415;457;0.2556349;0.5008398;0.3050846;0.5714872;563.0;0.2900148;False;11/23/2025 9:30:03 AM:924;1763861403924;;
417;457;0.257273;0.5008516;0.2949423;0.5246661;558.9;0.2893182;False;11/23/2025 9:30:03 AM:944;1763861403944;;
552;505;0.3401773;0.5532197;0.5536188;0.8036201;550.5;0.2739242;False;11/23/2025 9:30:03 AM:969;1763861403969;;
627;509;0.3866278;0.5577191;0.5433686;0.6405153;540.4;0.2938046;False;11/23/2025 9:30:03 AM:990;1763861403990;;
695;516;0.4284368;0.5652207;0.5667307;0.6703289;531.3;0.2948977;False;11/23/2025 9:30:04 AM:13;1763861404013;;
696;531;0.4288993;0.5810447;0.4335437;0.7271649;523.8;0.2828057;False;11/23/2025 9:30:04 AM:37;1763861404037;;
710;556;0.4373943;0.6085683;0.4925658;0.8036044;515.4;0.2671946;False;11/23/2025 9:30:04 AM:59;1763861404059;;
716;571;0.441082;0.6257681;0.4755284;0.7879402;507.8;0.2678317;False;11/23/2025 9:30:04 AM:79;1763861404079;;
719;584;0.4432482;0.6395148;0.4672928;0.7829355;502.4;0.2732799;False;11/23/2025 9:30:04 AM:102;1763861404102;;
745;578;0.4588434;0.6326608;0.5477264;0.5461215;496.7;0.2531448;False;11/23/2025 9:30:04 AM:123;1763861404123;;
753;574;0.463805;0.6289433;0.508934;0.565027;491.6;0.2545925;False;11/23/2025 9:30:04 AM:145;1763861404145;;
785;571;0.483547;0.6253616;0.5909787;0.5570955;489.7;0.2642987;False;11/23/2025 9:30:04 AM:165;1763861404165;;
785;544;0.4835144;0.5957823;0.4499398;0.3976638;489.8;0.268212;False;11/23/2025 9:30:04 AM:186;1763861404186;;
785;521;0.4834805;0.5702412;0.4499632;0.3976659;489.9;0.2682535;False;11/23/2025 9:30:04 AM:209;1763861404209;;
667;520;0.4110586;0.5696565;0.1929971;0.544928;493.3;0.2608747;False;11/23/2025 9:30:04 AM:231;1763861404231;;
587;519;0.3618045;0.5686241;0.1926264;0.5332867;500.7;0.2762444;False;11/23/2025 9:30:04 AM:255;1763861404255;;
532;519;0.3279684;0.5681852;0.1935636;0.543631;507.3;0.2775418;False;11/23/2025 9:30:04 AM:278;1763861404278;;
533;517;0.3282613;0.5660308;0.3690762;0.5112711;509.7;0.2671671;False;11/23/2025 9:30:04 AM:301;1763861404301;;
523;516;0.3226057;0.5650615;0.2736201;0.5247166;511.6;0.2790402;False;11/23/2025 9:30:04 AM:323;1763861404323;;
513;516;0.3164627;0.5646949;0.2603644;0.5353419;513.4;0.280238;False;11/23/2025 9:30:04 AM:344;1763861404344;;
500;516;0.3079523;0.564685;0.237995;0.5508901;512.4;0.2587464;False;11/23/2025 9:30:04 AM:365;1763861404365;;
501;514;0.3090951;0.5627667;0.3526181;0.50324;515.7;0.2939692;False;11/23/2025 9:30:04 AM:385;1763861404385;;
503;512;0.3101874;0.5609989;0.3530585;0.5032218;518.7;0.2945175;False;11/23/2025 9:30:04 AM:408;1763861404408;;
499;511;0.3078063;0.5599359;0.2766641;0.5111641;520.0;0.2706394;False;11/23/2025 9:30:04 AM:431;1763861404431;;
500;508;0.3079123;0.5565332;0.3221053;0.4765817;519.5;0.2820404;False;11/23/2025 9:30:04 AM:453;1763861404453;;
500;504;0.3080178;0.5521722;0.3165478;0.4579234;519.0;0.2836248;False;11/23/2025 9:30:04 AM:473;1763861404473;;
500;516;0.308058;0.5652671;0.3241065;0.6838713;522.9;0.2459715;False;11/23/2025 9:30:04 AM:495;1763861404495;;
572;542;0.3523434;0.5938023;0.5248713;0.7673172;518.1;0.2030749;False;11/23/2025 9:30:04 AM:518;1763861404518;;
591;559;0.3644956;0.6116312;0.4614271;0.7589119;513.7;0.2043635;False;11/23/2025 9:30:04 AM:537;1763861404537;;
642;560;0.3953235;0.6127858;0.5363542;0.6433942;511.9;0.1762526;False;11/23/2025 9:30:04 AM:559;1763861404559;;
643;579;0.396375;0.6336457;0.4203764;0.7903128;509.4;0.1901555;False;11/23/2025 9:30:04 AM:582;1763861404582;;
637;600;0.3926292;0.6572075;0.3319471;0.8362654;507.1;0.1917413;False;11/23/2025 9:30:04 AM:600;1763861404600;;
653;608;0.4023102;0.6660715;0.4836492;0.7705828;509.9;0.2317815;False;11/23/2025 9:30:04 AM:622;1763861404622;;
653;604;0.4025916;0.6614671;0.4144472;0.5766781;509.4;0.2476936;False;11/23/2025 9:30:04 AM:642;1763861404642;;
654;601;0.4028407;0.6575823;0.4146049;0.5766695;508.9;0.2479146;False;11/23/2025 9:30:04 AM:663;1763861404663;;
640;607;0.3944154;0.6650847;0.3131643;0.7582926;511.2;0.261455;False;11/23/2025 9:30:04 AM:685;1763861404685;;
630;613;0.3880315;0.6709107;0.3134254;0.7583066;513.3;0.2619779;False;11/23/2025 9:30:04 AM:705;1763861404705;;
610;612;0.3757207;0.6699479;0.2781183;0.6305637;514.1;0.2414165;False;11/23/2025 9:30:04 AM:726;1763861404726;;
594;611;0.3660202;0.6691223;0.2781267;0.6305623;514.9;0.2414304;False;11/23/2025 9:30:04 AM:749;1763861404749;;
595;590;0.3666579;0.6461487;0.3854245;0.4676017;514.8;0.2381651;False;11/23/2025 9:30:04 AM:770;1763861404770;;
563;581;0.3470598;0.6364955;0.2231118;0.5138404;514.3;0.2391765;False;11/23/2025 9:30:04 AM:790;1763861404790;;
540;570;0.3325353;0.6242853;0.2234451;0.4821984;513.8;0.2398688;False;11/23/2025 9:30:04 AM:809;1763861404809;;
532;569;0.3275952;0.6233733;0.2657143;0.5774909;517.0;0.2634437;False;11/23/2025 9:30:04 AM:830;1763861404830;;
538;569;0.3312847;0.6230809;0.3815776;0.5908319;514.9;0.2436878;False;11/23/2025 9:30:04 AM:853;1763861404853;;
542;569;0.3341049;0.6228411;0.3809917;0.5908802;513.0;0.2430747;False;11/23/2025 9:30:04 AM:874;1763861404874;;
519;530;0.3196093;0.5803121;0.220451;0.3443715;508.7;0.2439388;False;11/23/2025 9:30:04 AM:897;1763861404897;;
518;529;0.319324;0.5792791;0.3052775;0.5338272;509.4;0.2684318;False;11/23/2025 9:30:04 AM:916;1763861404916;;
519;529;0.3195906;0.5792696;0.3357386;0.5660689;510.0;0.2704983;False;11/23/2025 9:30:04 AM:936;1763861404936;;
519;529;0.3195933;0.5792109;0.3216971;0.560886;512.4;0.2705012;False;11/23/2025 9:30:04 AM:958;1763861404958;;
519;536;0.320053;0.5868759;0.3413085;0.685403;514.3;0.2558238;False;11/23/2025 9:30:04 AM:978;1763861404978;;
519;544;0.3196011;0.5956584;0.3017833;0.705945;516.0;0.2578155;False;11/23/2025 9:30:04 AM:997;1763861404997;;
532;514;0.3278912;0.5631952;0.4020157;0.3740873;516.7;0.277014;False;11/23/2025 9:30:05 AM:23;1763861405023;;
545;515;0.3360276;0.5638173;0.4186488;0.593932;515.7;0.2562393;False;11/23/2025 9:30:05 AM:44;1763861405044;;
554;517;0.3416581;0.5662507;0.4147247;0.6295217;514.8;0.2594379;False;11/23/2025 9:30:05 AM:62;1763861405062;;
554;499;0.3413508;0.5466872;0.3292436;0.3890738;514.5;0.2528811;False;11/23/2025 9:30:05 AM:83;1763861405083;;
553;486;0.3411066;0.5318469;0.3294747;0.3890652;514.3;0.2531369;False;11/23/2025 9:30:05 AM:104;1763861405104;;
541;485;0.3336408;0.5315439;0.2647549;0.5121756;516.5;0.2735342;False;11/23/2025 9:30:05 AM:127;1763861405127;;
528;485;0.3256426;0.5307605;0.2498181;0.4969418;518.6;0.2733699;False;11/23/2025 9:30:05 AM:149;1763861405149;;
523;485;0.3226123;0.5307586;0.2739065;0.5265279;515.2;0.2432916;False;11/23/2025 9:30:05 AM:170;1763861405170;;
513;488;0.3158935;0.5348354;0.2439434;0.6067293;514.8;0.2466187;False;11/23/2025 9:30:05 AM:193;1763861405193;;
504;491;0.3108297;0.5379986;0.2439729;0.6067311;514.4;0.2466677;False;11/23/2025 9:30:05 AM:213;1763861405213;;
494;481;0.3043021;0.5264716;0.2287181;0.4029348;518.6;0.2618023;False;11/23/2025 9:30:05 AM:234;1763861405234;;
485;494;0.2988879;0.5405632;0.2288404;0.6792979;519.5;0.2548867;False;11/23/2025 9:30:05 AM:255;1763861405255;;
478;504;0.29438;0.5521543;0.2290156;0.6794881;520.3;0.2555298;False;11/23/2025 9:30:05 AM:275;1763861405275;;
480;499;0.29583;0.5465739;0.3204941;0.4703196;518.7;0.2581099;False;11/23/2025 9:30:05 AM:302;1763861405302;;
480;499;0.2958243;0.546122;0.2848887;0.5227905;519.5;0.2638033;False;11/23/2025 9:30:05 AM:325;1763861405325;;
477;499;0.2941945;0.5465202;0.2522831;0.5702443;516.4;0.2599423;False;11/23/2025 9:30:05 AM:346;1763861405346;;
473;508;0.2916426;0.5558001;0.2392698;0.6713567;513.5;0.2622446;False;11/23/2025 9:30:05 AM:367;1763861405367;;
467;496;0.2878058;0.5429763;0.2248749;0.4131333;513.2;0.2553465;False;11/23/2025 9:30:05 AM:387;1763861405387;;
454;491;0.2798331;0.5377978;0.1892742;0.4490955;512.9;0.2569705;False;11/23/2025 9:30:05 AM:406;1763861405406;;
453;501;0.2789651;0.5486599;0.2425213;0.6677339;512.2;0.2822805;False;11/23/2025 9:30:05 AM:427;1763861405427;;
440;500;0.2712446;0.5472503;0.1886947;0.5053443;513.5;0.2661774;False;11/23/2025 9:30:05 AM:452;1763861405452;;
431;499;0.2654069;0.5461364;0.1886943;0.505398;514.6;0.2655295;False;11/23/2025 9:30:05 AM:473;1763861405473;;
424;499;0.2614846;0.5461755;0.1951665;0.5511554;514.5;0.2587698;False;11/23/2025 9:30:05 AM:496;1763861405496;;
421;483;0.2595613;0.5287424;0.2074412;0.3764386;513.9;0.2485062;False;11/23/2025 9:30:05 AM:518;1763861405518;;
464;483;0.285866;0.5287357;0.4006419;0.5205713;512.7;0.2426501;False;11/23/2025 9:30:05 AM:541;1763861405541;;
491;483;0.3028243;0.5287308;0.4002169;0.5206307;511.5;0.2419963;False;11/23/2025 9:30:05 AM:563;1763861405563;;
515;483;0.3171886;0.5287253;0.4007881;0.520551;510.5;0.2428753;False;11/23/2025 9:30:05 AM:587;1763861405587;;
515;472;0.3171418;0.5167621;0.2913558;0.3881531;514.3;0.2641073;False;11/23/2025 9:30:05 AM:609;1763861405609;;
494;473;0.3047248;0.5185149;0.1937258;0.5639455;518.4;0.2786509;False;11/23/2025 9:30:05 AM:630;1763861405630;;
494;476;0.3046446;0.5213261;0.3017412;0.5805848;517.5;0.2536118;False;11/23/2025 9:30:05 AM:651;1763861405651;;
494;478;0.3045759;0.5236108;0.301616;0.5805763;516.6;0.2533953;False;11/23/2025 9:30:05 AM:672;1763861405672;;
481;483;0.2962532;0.5286749;0.2054129;0.6156899;522.9;0.269192;False;11/23/2025 9:30:05 AM:692;1763861405692;;
474;483;0.2921329;0.5289858;0.2244142;0.5547333;522.7;0.2775043;False;11/23/2025 9:30:05 AM:713;1763861405713;;
468;483;0.2887298;0.5292536;0.2244129;0.5547333;522.5;0.2775014;False;11/23/2025 9:30:05 AM:733;1763861405733;;
456;483;0.2811679;0.5292674;0.1920784;0.5314305;524.4;0.2775234;False;11/23/2025 9:30:05 AM:755;1763861405755;;
446;483;0.2747983;0.528936;0.1891825;0.5108227;526.2;0.2790937;False;11/23/2025 9:30:05 AM:775;1763861405775;;
469;518;0.2893724;0.5676755;0.3780313;0.7855646;523.6;0.2377411;False;11/23/2025 9:30:05 AM:797;1763861405797;;
455;509;0.2806857;0.5577316;0.1904017;0.4458224;525.6;0.283354;False;11/23/2025 9:30:05 AM:821;1763861405821;;
456;509;0.2813396;0.5577255;0.2936831;0.554011;526.7;0.2800313;False;11/23/2025 9:30:05 AM:845;1763861405845;;
458;507;0.2820614;0.5556511;0.2986413;0.4970689;527.7;0.2782952;False;11/23/2025 9:30:05 AM:865;1763861405865;;
457;531;0.2820169;0.5817087;0.2797547;0.7542297;527.0;0.2505696;False;11/23/2025 9:30:05 AM:887;1763861405887;;
457;532;0.281974;0.5827737;0.26479;0.6152799;527.0;0.2744093;False;11/23/2025 9:30:05 AM:913;1763861405913;;
457;542;0.2819334;0.5934585;0.2644117;0.713788;527.0;0.2764216;False;11/23/2025 9:30:05 AM:932;1763861405932;;
459;539;0.2828527;0.5905596;0.3019066;0.5302195;527.6;0.2586065;False;11/23/2025 9:30:05 AM:957;1763861405957;;
460;537;0.2835339;0.5884748;0.3022866;0.5301781;528.1;0.2592292;False;11/23/2025 9:30:05 AM:977;1763861405977;;
460;538;0.2835076;0.5891119;0.2787541;0.6148462;526.0;0.2627878;False;11/23/2025 9:30:05 AM:999;1763861405999;;
462;530;0.284825;0.5802078;0.3137099;0.4656245;527.2;0.256264;False;11/23/2025 9:30:06 AM:20;1763861406020;;
470;515;0.2900227;0.5641639;0.3530039;0.4074244;528.3;0.2574018;False;11/23/2025 9:30:06 AM:39;1763861406039;;
476;502;0.2933876;0.5493676;0.343825;0.4015354;528.5;0.263787;False;11/23/2025 9:30:06 AM:60;1763861406060;;
483;492;0.2976861;0.5392991;0.3586569;0.4087746;528.7;0.2646938;False;11/23/2025 9:30:06 AM:78;1763861406078;;
475;491;0.2929454;0.5378551;0.232849;0.4818674;524.5;0.2530158;False;11/23/2025 9:30:06 AM:99;1763861406099;;
476;491;0.2932288;0.5378484;0.3086276;0.5164785;523.8;0.2422921;False;11/23/2025 9:30:06 AM:119;1763861406119;;
476;491;0.293477;0.5378422;0.3089213;0.5164623;523.3;0.2427084;False;11/23/2025 9:30:06 AM:140;1763861406140;;
474;512;0.2922308;0.5609848;0.2619147;0.7262525;525.2;0.2561865;False;11/23/2025 9:30:06 AM:160;1763861406160;;
475;512;0.2926295;0.5605756;0.3101315;0.5251963;522.3;0.2390568;False;11/23/2025 9:30:06 AM:183;1763861406183;;
475;512;0.2929194;0.5602624;0.3097678;0.5252208;519.7;0.2385747;False;11/23/2025 9:30:06 AM:203;1763861406203;;
481;497;0.2967256;0.5439981;0.3540224;0.3822648;518.8;0.2629934;False;11/23/2025 9:30:06 AM:224;1763861406224;;
475;497;0.2926764;0.5439203;0.2395303;0.5264051;515.5;0.2370607;False;11/23/2025 9:30:06 AM:244;1763861406244;;
473;486;0.291371;0.5324815;0.2603621;0.3963778;512.5;0.2373134;False;11/23/2025 9:30:06 AM:266;1763861406266;;
471;484;0.2905538;0.5301523;0.2672963;0.4636951;512.5;0.2440391;False;11/23/2025 9:30:06 AM:293;1763861406293;;
472;484;0.2907258;0.5300285;0.3013931;0.5213332;513.5;0.2626129;False;11/23/2025 9:30:06 AM:313;1763861406313;;
473;477;0.2917273;0.5227482;0.3197076;0.4074429;514.5;0.2653315;False;11/23/2025 9:30:06 AM:334;1763861406334;;
488;481;0.301092;0.5263095;0.3819866;0.580824;515.9;0.2619172;False;11/23/2025 9:30:06 AM:357;1763861406357;;
488;478;0.3005883;0.5230589;0.2833751;0.4479921;515.2;0.2610813;False;11/23/2025 9:30:06 AM:382;1763861406382;;
483;472;0.2976575;0.5166861;0.2479169;0.4041406;514.6;0.261903;False;11/23/2025 9:30:06 AM:401;1763861406401;;
466;465;0.2874353;0.5092229;0.1998263;0.3924473;515.8;0.2455471;False;11/23/2025 9:30:06 AM:423;1763861406423;;
454;460;0.2796639;0.5032952;0.1999438;0.3924496;516.9;0.2457407;False;11/23/2025 9:30:06 AM:443;1763861406443;;
440;459;0.2711612;0.5032289;0.1884978;0.5004401;518.0;0.2486609;False;11/23/2025 9:30:06 AM:465;1763861406465;;
433;465;0.2669552;0.5092496;0.2058821;0.5868506;517.1;0.2431256;False;11/23/2025 9:30:06 AM:486;1763861406486;;
424;465;0.261547;0.5098122;0.1915894;0.5285082;516.2;0.2441451;False;11/23/2025 9:30:06 AM:506;1763861406506;;
424;460;0.2615383;0.503739;0.25088;0.3992831;515.5;0.2683861;False;11/23/2025 9:30:06 AM:526;1763861406526;;
418;456;0.2575721;0.4990133;0.1963807;0.4042069;514.4;0.2434856;False;11/23/2025 9:30:06 AM:548;1763861406548;;
414;446;0.2551128;0.4885685;0.2034033;0.3525873;513.4;0.2439448;False;11/23/2025 9:30:06 AM:568;1763861406568;;
414;443;0.2550409;0.485222;0.2441931;0.4025354;514.9;0.2521041;False;11/23/2025 9:30:06 AM:592;1763861406592;;
409;440;0.2524111;0.4815888;0.1982243;0.38894;516.1;0.2486538;False;11/23/2025 9:30:06 AM:612;1763861406612;;
406;437;0.2500529;0.4783386;0.1971206;0.3876204;517.2;0.250512;False;11/23/2025 9:30:06 AM:633;1763861406633;;
401;436;0.2469645;0.4780616;0.1905744;0.4475861;520.2;0.2838281;False;11/23/2025 9:30:06 AM:657;1763861406657;;
400;418;0.2466343;0.4578262;0.2173837;0.2849903;519.6;0.2604094;False;11/23/2025 9:30:06 AM:682;1763861406682;;
400;406;0.2463991;0.4443657;0.2174179;0.2849474;519.1;0.261597;False;11/23/2025 9:30:06 AM:701;1763861406701;;
398;405;0.2451905;0.443148;0.2009787;0.3757761;521.2;0.2556792;False;11/23/2025 9:30:06 AM:723;1763861406723;;
396;404;0.2439697;0.4430193;0.1981359;0.3953128;524.0;0.2835453;False;11/23/2025 9:30:06 AM:743;1763861406743;;
394;404;0.2428476;0.4427121;0.1968804;0.422141;526.5;0.2846203;False;11/23/2025 9:30:06 AM:763;1763861406763;;
410;429;0.25273;0.46965;0.3232144;0.6298356;519.4;0.2826579;False;11/23/2025 9:30:06 AM:786;1763861406786;;
428;476;0.263912;0.5217566;0.3432434;0.7530419;517.8;0.2635382;False;11/23/2025 9:30:06 AM:808;1763861406808;;
446;513;0.2747416;0.5621034;0.3564096;0.7672802;516.3;0.2642873;False;11/23/2025 9:30:06 AM:828;1763861406828;;
464;519;0.2857361;0.5686071;0.3662348;0.6379133;513.9;0.2635283;False;11/23/2025 9:30:06 AM:851;1763861406851;;
478;524;0.2944261;0.57392;0.3663015;0.6379157;511.7;0.2636187;False;11/23/2025 9:30:06 AM:873;1763861406873;;
491;551;0.3027156;0.602959;0.3760131;0.77908;507.5;0.2814412;False;11/23/2025 9:30:06 AM:895;1763861406895;;
493;555;0.3040047;0.6082248;0.3311965;0.6757658;508.2;0.3406291;False;11/23/2025 9:30:06 AM:917;1763861406917;;
495;559;0.3050792;0.612417;0.3315172;0.6757514;508.8;0.3410819;False;11/23/2025 9:30:06 AM:937;1763861406937;;
504;575;0.3104218;0.6295681;0.3679807;0.7583376;504.1;0.3020252;False;11/23/2025 9:30:06 AM:963;1763861406963;;
507;597;0.312479;0.6540912;0.3528826;0.8246741;503.5;0.3294587;False;11/23/2025 9:30:06 AM:984;1763861406984;;
526;611;0.3241705;0.6690264;0.4234116;0.8096257;503.0;0.3322426;False;11/23/2025 9:30:07 AM:3;1763861407003;;
523;603;0.3222097;0.660315;0.2852666;0.5473467;501.2;0.3072892;False;11/23/2025 9:30:07 AM:26;1763861407026;;
524;603;0.3231459;0.6597676;0.3505718;0.6208678;503.1;0.3220764;False;11/23/2025 9:30:07 AM:46;1763861407046;;
528;605;0.3252001;0.6627228;0.367121;0.7191186;504.7;0.3242834;False;11/23/2025 9:30:07 AM:67;1763861407067;;
539;607;0.3322023;0.6644554;0.4073723;0.7076309;506.9;0.2752888;False;11/23/2025 9:30:07 AM:88;1763861407088;;
558;620;0.3439198;0.678773;0.4335982;0.803263;505.9;0.3021494;False;11/23/2025 9:30:07 AM:113;1763861407113;;
559;628;0.3442837;0.6876927;0.3659215;0.7972271;504.9;0.3004951;False;11/23/2025 9:30:07 AM:134;1763861407134;;
673;628;0.4144684;0.6877683;0.6174159;0.6987422;502.5;0.2832505;False;11/23/2025 9:30:07 AM:158;1763861407158;;
784;639;0.482943;0.7000197;0.6731749;0.8268775;503.6;0.3083816;False;11/23/2025 9:30:07 AM:180;1763861407180;;
841;633;0.5184348;0.6935199;0.6433939;0.6056081;500.9;0.2950762;False;11/23/2025 9:30:07 AM:202;1763861407202;;
886;627;0.5458383;0.6870059;0.6585445;0.5913273;498.4;0.295417;False;11/23/2025 9:30:07 AM:224;1763861407224;;
922;640;0.5678235;0.7012165;0.6641422;0.8372169;495.7;0.2957039;False;11/23/2025 9:30:07 AM:244;1763861407244;;
947;650;0.5831625;0.7120099;0.6644014;0.8371388;493.1;0.2966601;False;11/23/2025 9:30:07 AM:265;1763861407265;;
948;656;0.5838733;0.7182319;0.5911035;0.809558;490.9;0.2779385;False;11/23/2025 9:30:07 AM:287;1763861407287;;
950;657;0.5850525;0.7197331;0.5989658;0.7722463;488.9;0.2792653;False;11/23/2025 9:30:07 AM:308;1763861407308;;
951;660;0.5856317;0.7224271;0.5924487;0.7856765;490.1;0.2798107;False;11/23/2025 9:30:07 AM:334;1763861407334;;
953;665;0.5869394;0.7286444;0.6043583;0.8308907;489.2;0.2912584;False;11/23/2025 9:30:07 AM:355;1763861407355;;
958;680;0.5902507;0.7447227;0.6234254;0.8940601;488.4;0.2943721;False;11/23/2025 9:30:07 AM:378;1763861407378;;
948;681;0.5839159;0.7455021;0.5068987;0.7892157;494.0;0.2585224;False;11/23/2025 9:30:07 AM:407;1763861407407;;
948;683;0.5839252;0.7476104;0.5841115;0.8116922;501.6;0.2138004;False;11/23/2025 9:30:07 AM:435;1763861407435;;
947;688;0.5836304;0.7533846;0.5672168;0.8494659;499.7;0.2732814;False;11/23/2025 9:30:07 AM:462;1763861407462;;
949;688;0.5845684;0.7536222;0.6003078;0.7691453;497.0;0.2471863;False;11/23/2025 9:30:07 AM:487;1763861407487;;
881;688;0.542639;0.753789;0.4063087;0.7806984;494.4;0.3009742;False;11/23/2025 9:30:07 AM:525;1763861407525;;
895;669;0.5512362;0.7320249;0.6256027;0.5803214;492.6;0.2692354;False;11/23/2025 9:30:07 AM:546;1763861407546;;
902;672;0.555486;0.7361889;0.6094097;0.8273111;491.0;0.2772067;False;11/23/2025 9:30:07 AM:568;1763861407568;;
902;674;0.5559348;0.7382542;0.5731838;0.8100526;488.6;0.2978087;False;11/23/2025 9:30:07 AM:590;1763861407590;;
903;671;0.5566392;0.7346146;0.5794656;0.6786714;486.7;0.3092631;False;11/23/2025 9:30:07 AM:612;1763861407612;;
904;668;0.5572408;0.7316309;0.5796168;0.6786386;484.9;0.3095281;False;11/23/2025 9:30:07 AM:633;1763861407633;;
828;669;0.5100327;0.732116;0.3427037;0.7694957;481.9;0.2870162;False;11/23/2025 9:30:07 AM:655;1763861407655;;
743;669;0.4579661;0.7321793;0.2867614;0.7575501;479.3;0.2878836;False;11/23/2025 9:30:07 AM:678;1763861407678;;
744;662;0.4585849;0.724566;0.4859664;0.6385881;484.6;0.3163874;False;11/23/2025 9:30:07 AM:702;1763861407702;;
743;663;0.4580503;0.7262541;0.449949;0.7809476;487.6;0.3106323;False;11/23/2025 9:30:07 AM:725;1763861407725;;
679;663;0.4185225;0.7255517;0.2844444;0.7038517;490.3;0.3226141;False;11/23/2025 9:30:07 AM:751;1763861407751;;
639;662;0.3938003;0.7250263;0.2843732;0.7038507;492.8;0.3224744;False;11/23/2025 9:30:07 AM:773;1763861407773;;
642;650;0.3957474;0.7120083;0.4656227;0.5852329;492.0;0.3332754;False;11/23/2025 9:30:07 AM:795;1763861407795;;
643;649;0.3965289;0.7110646;0.4559627;0.6773587;491.6;0.3337511;False;11/23/2025 9:30:07 AM:817;1763861407817;;
645;649;0.3972416;0.7102267;0.4560784;0.6773295;491.2;0.3339887;False;11/23/2025 9:30:07 AM:840;1763861407840;;
658;651;0.4053418;0.7132541;0.5106778;0.7765946;488.8;0.2951609;False;11/23/2025 9:30:07 AM:863;1763861407863;;
666;643;0.4106272;0.7045444;0.4981323;0.6055607;489.5;0.3240443;False;11/23/2025 9:30:07 AM:888;1763861407888;;
668;646;0.4114325;0.7069231;0.443875;0.7586436;491.4;0.3108154;False;11/23/2025 9:30:07 AM:914;1763861407914;;
668;642;0.4116661;0.702547;0.4551162;0.6289436;493.1;0.3116956;False;11/23/2025 9:30:07 AM:937;1763861407937;;
694;634;0.4273808;0.6943704;0.5529308;0.5916228;492.1;0.3004161;False;11/23/2025 9:30:07 AM:960;1763861407960;;
735;631;0.4531022;0.6904702;0.5994031;0.6162133;491.4;0.3153166;False;11/23/2025 9:30:07 AM:985;1763861407985;;
715;629;0.4403022;0.6892657;0.3605854;0.6405341;489.5;0.3219689;False;11/23/2025 9:30:08 AM:8;1763861408008;;
707;629;0.4359459;0.6886837;0.3902042;0.648773;487.9;0.3232507;False;11/23/2025 9:30:08 AM:28;1763861408028;;
787;636;0.4851611;0.6968765;0.6744532;0.7923321;487.8;0.2979393;False;11/23/2025 9:30:08 AM:49;1763861408049;;
842;636;0.5185461;0.6968549;0.6654577;0.6941325;488.5;0.3370839;False;11/23/2025 9:30:08 AM:73;1763861408073;;
874;640;0.5387381;0.700743;0.6536224;0.7680424;489.1;0.3358515;False;11/23/2025 9:30:08 AM:95;1763861408095;;
910;646;0.5607682;0.7076167;0.6790279;0.8008661;488.4;0.3238537;False;11/23/2025 9:30:08 AM:117;1763861408117;;
937;651;0.5774453;0.7133078;0.6790126;0.8008707;487.7;0.3237926;False;11/23/2025 9:30:08 AM:138;1763861408138;;
960;655;0.5915012;0.7169162;0.6810914;0.7875127;486.5;0.3104684;False;11/23/2025 9:30:08 AM:162;1763861408162;;
1009;659;0.6216362;0.7218049;0.7511692;0.8052414;486.4;0.3147204;False;11/23/2025 9:30:08 AM:186;1763861408186;;
1069;666;0.6584485;0.7295665;0.8059328;0.8403078;486.2;0.3170931;False;11/23/2025 9:30:08 AM:207;1763861408207;;
1076;666;0.6628029;0.7297203;0.7044802;0.7574096;486.1;0.3085304;False;11/23/2025 9:30:08 AM:230;1763861408230;;
1084;668;0.6676837;0.7310505;0.7143123;0.7844068;487.1;0.2920918;False;11/23/2025 9:30:08 AM:255;1763861408255;;
1100;681;0.6779085;0.7457146;0.7499662;0.889214;488.2;0.31307;False;11/23/2025 9:30:08 AM:279;1763861408279;;
1112;691;0.6850767;0.7563316;0.7498305;0.8892562;489.1;0.3125222;False;11/23/2025 9:30:08 AM:300;1763861408300;;
1141;694;0.7028645;0.7596623;0.8009661;0.8400156;487.2;0.3310998;False;11/23/2025 9:30:08 AM:325;1763861408325;;
1114;694;0.6860448;0.7598995;0.5737677;0.8016626;485.1;0.3174463;False;11/23/2025 9:30:08 AM:349;1763861408349;;
1121;698;0.6903172;0.7645344;0.740414;0.8618423;482.6;0.2994237;False;11/23/2025 9:30:08 AM:372;1763861408372;;
1126;702;0.6937368;0.7683628;0.7403976;0.8618475;480.4;0.2993616;False;11/23/2025 9:30:08 AM:394;1763861408394;;
1142;696;0.7036596;0.7621673;0.7806684;0.694446;483.4;0.3117577;False;11/23/2025 9:30:08 AM:418;1763861408418;;
1134;697;0.6988865;0.7626274;0.6404064;0.8078929;483.1;0.3018247;False;11/23/2025 9:30:08 AM:443;1763861408443;;
1130;697;0.696044;0.7633636;0.6500979;0.8141599;482.8;0.3031644;False;11/23/2025 9:30:08 AM:468;1763861408468;;
1125;694;0.69314;0.760104;0.6426702;0.7097711;482.6;0.2929425;False;11/23/2025 9:30:08 AM:492;1763861408492;;
1125;694;0.6930971;0.7602397;0.6860697;0.7711682;480.8;0.3024095;False;11/23/2025 9:30:08 AM:515;1763861408515;;
1125;694;0.6930633;0.7603505;0.6859012;0.7905853;479.2;0.3041992;False;11/23/2025 9:30:08 AM:537;1763861408537;;
1137;695;0.700379;0.7613288;0.7660434;0.8117332;477.5;0.2996245;False;11/23/2025 9:30:08 AM:561;1763861408561;;
1151;686;0.7092452;0.7509607;0.782625;0.6520658;476.6;0.3033633;False;11/23/2025 9:30:08 AM:585;1763861408585;;
1164;686;0.7168859;0.7516146;0.791321;0.7939941;475.8;0.3044678;False;11/23/2025 9:30:08 AM:607;1763861408607;;
1166;692;0.7185101;0.75733;0.7512642;0.8517401;475.6;0.3044409;False;11/23/2025 9:30:08 AM:631;1763861408631;;
1159;696;0.7137964;0.7617538;0.6573921;0.8507234;476.1;0.3224728;False;11/23/2025 9:30:08 AM:655;1763861408655;;
1069;692;0.6586655;0.7574651;0.4820934;0.6983008;475.7;0.2789654;False;11/23/2025 9:30:08 AM:680;1763861408680;;
1012;689;0.62357;0.7542186;0.4825171;0.6982107;475.3;0.2796608;False;11/23/2025 9:30:08 AM:701;1763861408701;;
748;652;0.4606227;0.71375;0.1896227;0.5039796;475.0;0.2977478;False;11/23/2025 9:30:08 AM:725;1763861408725;;
663;652;0.4086886;0.7143053;0.2829504;0.7550599;476.9;0.2994934;False;11/23/2025 9:30:08 AM:748;1763861408748;;
660;653;0.406515;0.715065;0.3966425;0.7606161;475.9;0.2991036;False;11/23/2025 9:30:08 AM:773;1763861408773;;
659;654;0.4060286;0.7161093;0.402999;0.7702538;474.9;0.2987064;False;11/23/2025 9:30:08 AM:794;1763861408794;;
638;631;0.3931555;0.6908849;0.3402117;0.5338495;480.2;0.2912976;False;11/23/2025 9:30:08 AM:818;1763861408818;;
568;619;0.3502264;0.6781357;0.2272194;0.5641344;477.9;0.2989687;False;11/23/2025 9:30:08 AM:841;1763861408841;;
517;601;0.3187826;0.6579893;0.2138248;0.504507;475.8;0.2996351;False;11/23/2025 9:30:08 AM:863;1763861408863;;
516;602;0.3182617;0.6588154;0.3149653;0.7009653;476.0;0.2917379;False;11/23/2025 9:30:08 AM:887;1763861408887;;
506;602;0.3118902;0.6588871;0.2770059;0.668848;478.7;0.2834997;False;11/23/2025 9:30:08 AM:910;1763861408910;;
509;603;0.3140331;0.6606916;0.3434373;0.7193669;477.9;0.3000143;False;11/23/2025 9:30:08 AM:933;1763861408933;;
509;606;0.3139961;0.6632439;0.3136008;0.7354721;477.3;0.3010896;False;11/23/2025 9:30:08 AM:954;1763861408954;;
509;608;0.3139597;0.6656007;0.3135523;0.7354676;476.7;0.3010297;False;11/23/2025 9:30:08 AM:976;1763861408976;;
501;608;0.309014;0.6655949;0.2759064;0.665361;477.8;0.2741907;False;11/23/2025 9:30:09 AM:4;1763861409004;;
470;602;0.2898362;0.6588187;0.1987342;0.5772472;476.5;0.3042873;False;11/23/2025 9:30:09 AM:27;1763861409027;;
471;604;0.2902838;0.6614168;0.2985831;0.7281732;475.4;0.2903866;False;11/23/2025 9:30:09 AM:50;1763861409050;;
473;606;0.2915601;0.6631878;0.3510422;0.7235661;474.4;0.2911068;False;11/23/2025 9:30:09 AM:73;1763861409073;;
474;606;0.2922323;0.6639497;0.313018;0.7091131;472.2;0.2919773;False;11/23/2025 9:30:09 AM:98;1763861409098;;
479;602;0.2955304;0.6596336;0.3686084;0.5958831;471.7;0.2930807;False;11/23/2025 9:30:09 AM:121;1763861409121;;
480;601;0.2956674;0.6580256;0.3398957;0.6196182;476.1;0.3078909;False;11/23/2025 9:30:09 AM:143;1763861409143;;
481;600;0.2961901;0.6571365;0.3193058;0.6276221;480.1;0.3089332;False;11/23/2025 9:30:09 AM:165;1763861409165;;
481;595;0.2962208;0.6516786;0.3351166;0.5717326;476.7;0.292857;False;11/23/2025 9:30:09 AM:188;1763861409188;;
546;595;0.336421;0.6516847;0.5159267;0.6562015;480.8;0.3048294;False;11/23/2025 9:30:09 AM:210;1763861409210;;
614;600;0.3783076;0.6565857;0.5463757;0.7367908;484.6;0.3055494;False;11/23/2025 9:30:09 AM:233;1763861409233;;
683;611;0.4206513;0.6687329;0.5830958;0.7960207;483.9;0.326203;False;11/23/2025 9:30:09 AM:257;1763861409257;;
843;619;0.5193363;0.6773553;0.729378;0.7820075;481.8;0.2978729;False;11/23/2025 9:30:09 AM:283;1763861409283;;
951;628;0.5855973;0.6871089;0.7544058;0.8069216;480.7;0.3053043;False;11/23/2025 9:30:09 AM:306;1763861409306;;
1034;628;0.6370974;0.6871727;0.7833732;0.713672;479.6;0.3076214;False;11/23/2025 9:30:09 AM:327;1763861409327;;
1056;628;0.6505717;0.6871942;0.7076779;0.7096161;479.9;0.3191897;False;11/23/2025 9:30:09 AM:350;1763861409350;;
1057;629;0.6510487;0.6883402;0.6546488;0.7410654;480.2;0.320368;False;11/23/2025 9:30:09 AM:373;1763861409373;;
1055;629;0.6502433;0.6884032;0.6427996;0.7108428;484.0;0.3193268;False;11/23/2025 9:30:09 AM:398;1763861409398;;
1074;628;0.6614776;0.6875425;0.7183098;0.6647501;485.5;0.2965646;False;11/23/2025 9:30:09 AM:422;1763861409422;;
1101;612;0.6782767;0.6696317;0.7585506;0.5284654;485.2;0.3122602;False;11/23/2025 9:30:09 AM:445;1763861409445;;
1121;598;0.6906658;0.6552641;0.7574391;0.5284969;484.8;0.3131935;False;11/23/2025 9:30:09 AM:467;1763861409467;;
1149;596;0.7079217;0.6530394;0.7921602;0.6032659;483.3;0.3156243;False;11/23/2025 9:30:09 AM:490;1763861409490;;
1138;605;0.7009831;0.662852;0.5986602;0.7765604;484.9;0.3268318;False;11/23/2025 9:30:09 AM:513;1763861409513;;
1129;613;0.695309;0.6707569;0.5986623;0.7765601;486.4;0.3268398;False;11/23/2025 9:30:09 AM:536;1763861409536;;
1131;606;0.6964371;0.6637133;0.708024;0.579778;483.8;0.3204548;False;11/23/2025 9:30:09 AM:562;1763861409562;;
1130;609;0.6960584;0.6668564;0.6882698;0.7367966;483.3;0.3126062;False;11/23/2025 9:30:09 AM:582;1763861409582;;
1133;623;0.6977147;0.682173;0.71845;0.8298728;482.5;0.332793;False;11/23/2025 9:30:09 AM:605;1763861409605;;
1135;634;0.6990823;0.6945297;0.7185035;0.8298563;481.8;0.3330157;False;11/23/2025 9:30:09 AM:626;1763861409626;;
1138;628;0.7009814;0.6875044;0.7267974;0.5993163;479.9;0.2926483;False;11/23/2025 9:30:09 AM:647;1763861409647;;
1073;613;0.6608152;0.6711487;0.4887561;0.5322606;478.6;0.3102297;False;11/23/2025 9:30:09 AM:670;1763861409670;;
1027;601;0.6324497;0.6585087;0.4891296;0.5322307;477.5;0.3108779;False;11/23/2025 9:30:09 AM:692;1763861409692;;
1029;575;0.6342348;0.6294879;0.6706015;0.4450123;475.9;0.3181946;False;11/23/2025 9:30:09 AM:714;1763861409714;;
971;566;0.5985019;0.6198971;0.4488559;0.5106697;479.4;0.3160971;False;11/23/2025 9:30:09 AM:738;1763861409738;;
935;560;0.575988;0.612744;0.4542239;0.5108222;482.6;0.3174585;False;11/23/2025 9:30:09 AM:757;1763861409757;;
838;562;0.5161677;0.6151457;0.3367911;0.6684281;482.9;0.3043847;False;11/23/2025 9:30:09 AM:780;1763861409780;;
753;563;0.4642417;0.6167099;0.3008838;0.6632736;483.2;0.3050144;False;11/23/2025 9:30:09 AM:802;1763861409802;;
752;551;0.4633384;0.603721;0.4544434;0.4786576;483.3;0.3023109;False;11/23/2025 9:30:09 AM:825;1763861409825;;
782;543;0.4816694;0.5943583;0.6181974;0.489096;481.6;0.2930036;False;11/23/2025 9:30:09 AM:850;1763861409850;;
802;537;0.4943029;0.5877046;0.6182539;0.4890982;480.2;0.293059;False;11/23/2025 9:30:09 AM:873;1763861409873;;
803;538;0.4947586;0.5887628;0.5511683;0.6193529;483.9;0.328803;False;11/23/2025 9:30:09 AM:897;1763861409897;;
871;563;0.5365477;0.6166139;0.7155337;0.7889639;482.2;0.3145154;False;11/23/2025 9:30:09 AM:921;1763861409921;;
924;579;0.5692778;0.6337885;0.7252497;0.7725196;482.4;0.3138803;False;11/23/2025 9:30:09 AM:946;1763861409946;;
961;590;0.5922607;0.6465333;0.7255071;0.7722502;482.6;0.3147305;False;11/23/2025 9:30:09 AM:969;1763861409969;;
984;603;0.6064408;0.6607192;0.708182;0.7901175;480.9;0.3114018;False;11/23/2025 9:30:09 AM:994;1763861409994;;
986;612;0.6075119;0.6698354;0.6434208;0.7811257;481.9;0.3147367;False;11/23/2025 9:30:10 AM:16;1763861410016;;
983;613;0.6057351;0.6716264;0.5760911;0.7265773;483.1;0.3178729;False;11/23/2025 9:30:10 AM:39;1763861410039;;
982;618;0.6052798;0.6765427;0.591794;0.7630228;484.2;0.3184488;False;11/23/2025 9:30:10 AM:62;1763861410062;;
991;607;0.6106295;0.6645539;0.6734407;0.5575489;484.2;0.319121;False;11/23/2025 9:30:10 AM:88;1763861410088;;
997;606;0.6140982;0.6632947;0.6674578;0.6302751;481.9;0.266688;False;11/23/2025 9:30:10 AM:114;1763861410114;;
997;623;0.6144444;0.6816663;0.6392502;0.8351613;478.9;0.2969362;False;11/23/2025 9:30:10 AM:137;1763861410137;;
995;640;0.6127698;0.7007632;0.5828465;0.8652622;476.2;0.2990698;False;11/23/2025 9:30:10 AM:158;1763861410158;;
1027;624;0.6330019;0.6828038;0.7559677;0.5369341;473.2;0.284564;False;11/23/2025 9:30:10 AM:180;1763861410180;;
1046;612;0.6443432;0.6696113;0.7386025;0.5413916;470.5;0.307077;False;11/23/2025 9:30:10 AM:202;1763861410202;;
1063;604;0.6546069;0.6608493;0.7469249;0.5514367;468.0;0.3081898;False;11/23/2025 9:30:10 AM:223;1763861410223;;
1090;594;0.6716136;0.6507279;0.7861103;0.5326231;466.0;0.287114;False;11/23/2025 9:30:10 AM:244;1763861410244;;
1107;591;0.6821563;0.6469174;0.776616;0.5678725;464.2;0.2882992;False;11/23/2025 9:30:10 AM:264;1763861410264;;
1129;609;0.6954144;0.6669898;0.7924339;0.8164362;462.4;0.2908127;False;11/23/2025 9:30:10 AM:288;1763861410288;;
1145;621;0.7055044;0.6794534;0.791917;0.7999838;463.1;0.2917994;False;11/23/2025 9:30:10 AM:310;1763861410310;;
1162;629;0.7155648;0.688332;0.8085431;0.8003074;463.8;0.2923446;False;11/23/2025 9:30:10 AM:330;1763861410330;;
1173;629;0.7227831;0.6882775;0.8007929;0.6803923;461.5;0.2791366;False;11/23/2025 9:30:10 AM:351;1763861410351;;
1166;632;0.7183386;0.6916571;0.6645921;0.7609513;464.0;0.3102686;False;11/23/2025 9:30:10 AM:373;1763861410373;;
1166;630;0.7182211;0.690142;0.7111623;0.6462706;466.1;0.3113241;False;11/23/2025 9:30:10 AM:395;1763861410395;;
1165;637;0.7179371;0.6974425;0.7057645;0.7939116;466.1;0.2924967;False;11/23/2025 9:30:10 AM:417;1763861410417;;
1168;613;0.7195356;0.6716726;0.7553116;0.500213;466.0;0.2657865;False;11/23/2025 9:30:10 AM:441;1763861410441;;
1172;610;0.7222255;0.6674647;0.7723517;0.5921015;465.9;0.2679035;False;11/23/2025 9:30:10 AM:462;1763861410462;;
1171;606;0.7213237;0.6639572;0.6993112;0.5972272;467.9;0.3080645;False;11/23/2025 9:30:10 AM:485;1763861410485;;
1172;597;0.721694;0.654047;0.7416258;0.5378898;468.3;0.2831447;False;11/23/2025 9:30:10 AM:507;1763861410507;;
1177;591;0.7249131;0.6471187;0.7794983;0.5429517;468.7;0.2851968;False;11/23/2025 9:30:10 AM:527;1763861410527;;
1173;599;0.7223494;0.6559901;0.6830823;0.7565734;471.4;0.2715085;False;11/23/2025 9:30:10 AM:549;1763861410549;;
1164;598;0.7169768;0.6552455;0.657192;0.619669;473.3;0.2522461;False;11/23/2025 9:30:10 AM:572;1763861410572;;
1154;599;0.7107705;0.6559805;0.6437379;0.6835836;475.0;0.2532333;False;11/23/2025 9:30:10 AM:594;1763861410594;;
1164;591;0.7168934;0.6471816;0.7843786;0.5353612;477.8;0.27487;False;11/23/2025 9:30:10 AM:615;1763861410615;;
1164;592;0.7169048;0.6487131;0.7210147;0.6887064;477.5;0.2766377;False;11/23/2025 9:30:10 AM:638;1763861410638;;
1164;592;0.7172108;0.6487859;0.734158;0.6565108;477.3;0.2760843;False;11/23/2025 9:30:10 AM:659;1763861410659;;
1163;603;0.7166162;0.6605101;0.6966124;0.7836146;480.5;0.2941832;False;11/23/2025 9:30:10 AM:680;1763861410680;;
1162;605;0.7157699;0.6625307;0.6903189;0.7165177;483.4;0.2969865;False;11/23/2025 9:30:10 AM:702;1763861410702;;
1159;597;0.7142818;0.6532941;0.6802791;0.5461984;481.2;0.2821178;False;11/23/2025 9:30:10 AM:725;1763861410725;;
1158;586;0.7133681;0.6418886;0.6849559;0.5198177;482.7;0.2764558;False;11/23/2025 9:30:10 AM:747;1763861410747;;
1157;578;0.7126396;0.6330867;0.6851479;0.5197551;484.0;0.2772174;False;11/23/2025 9:30:10 AM:768;1763861410768;;
1155;561;0.7113037;0.6146402;0.6757842;0.4592474;484.8;0.2855093;False;11/23/2025 9:30:10 AM:791;1763861410791;;
1155;558;0.711331;0.6115809;0.713082;0.5420293;488.3;0.3018855;False;11/23/2025 9:30:10 AM:814;1763861410814;;
1152;558;0.7094405;0.611534;0.6686931;0.5991681;489.2;0.2709888;False;11/23/2025 9:30:10 AM:839;1763861410839;;
1139;559;0.7015206;0.6118747;0.6187917;0.6273426;490.0;0.2722763;False;11/23/2025 9:30:10 AM:859;1763861410859;;
1139;559;0.7017643;0.6118565;0.7105399;0.6095181;494.3;0.2988543;False;11/23/2025 9:30:10 AM:882;1763861410882;;
1131;557;0.6968274;0.6102777;0.6340443;0.559745;493.7;0.2737159;False;11/23/2025 9:30:10 AM:906;1763861410906;;
1128;551;0.6950238;0.6034896;0.652676;0.5050654;493.3;0.2718509;False;11/23/2025 9:30:10 AM:931;1763861410931;;
1138;544;0.7011848;0.5961114;0.7569508;0.4934838;495.9;0.2940494;False;11/23/2025 9:30:10 AM:957;1763861410957;;
1134;540;0.6984785;0.5917082;0.6488994;0.5030937;495.1;0.2829956;False;11/23/2025 9:30:10 AM:981;1763861410981;;
1133;536;0.6978343;0.5874572;0.6677901;0.4952251;495.6;0.2984372;False;11/23/2025 9:30:11 AM:3;1763861411003;;
1133;534;0.6977231;0.5846315;0.6785001;0.5038835;495.9;0.2998414;False;11/23/2025 9:30:11 AM:24;1763861411024;;
1132;531;0.6976496;0.5819409;0.692192;0.5034209;493.4;0.3160658;False;11/23/2025 9:30:11 AM:49;1763861411049;;
1132;531;0.6976365;0.5816864;0.6844983;0.5340053;491.1;0.3176875;False;11/23/2025 9:30:11 AM:70;1763861411070;;
1133;528;0.6979034;0.5785082;0.7063271;0.4935904;488.6;0.2618403;False;11/23/2025 9:30:11 AM:96;1763861411096;;
1136;518;0.6996318;0.5672255;0.7297274;0.4274143;484.1;0.295299;False;11/23/2025 9:30:11 AM:120;1763861411120;;
1133;517;0.6977934;0.5659584;0.6563329;0.4945789;481.3;0.2772269;False;11/23/2025 9:30:11 AM:142;1763861411142;;
1132;526;0.6972079;0.5763531;0.669929;0.676043;478.8;0.280021;False;11/23/2025 9:30:11 AM:162;1763861411162;;
1129;508;0.6957687;0.556767;0.6565487;0.3779231;476.3;0.2865056;False;11/23/2025 9:30:11 AM:184;1763861411184;;
1129;504;0.6953715;0.5524191;0.6703043;0.4546963;472.1;0.2906334;False;11/23/2025 9:30:11 AM:206;1763861411206;;
1129;498;0.695439;0.5455669;0.6985555;0.4259228;468.4;0.292312;False;11/23/2025 9:30:11 AM:229;1763861411229;;
1127;497;0.6943833;0.5438248;0.6597608;0.4675304;467.9;0.2660384;False;11/23/2025 9:30:11 AM:252;1763861411252;;
1122;495;0.6914622;0.5421556;0.639486;0.4664166;472.3;0.2598374;False;11/23/2025 9:30:11 AM:277;1763861411277;;
1118;495;0.6887708;0.5417513;0.6364119;0.5053675;473.2;0.2860938;False;11/23/2025 9:30:11 AM:301;1763861411301;;
1115;494;0.6866674;0.5414277;0.6363811;0.5052179;474.0;0.2866951;False;11/23/2025 9:30:11 AM:323;1763861411323;;
1109;495;0.6831074;0.5426349;0.6211206;0.5658283;469.9;0.3003333;False;11/23/2025 9:30:11 AM:346;1763861411346;;
1115;494;0.6869601;0.5407664;0.728952;0.468773;468.2;0.2818269;False;11/23/2025 9:30:11 AM:370;1763861411370;;
1119;488;0.6895503;0.5342302;0.7256079;0.4192002;466.5;0.2813629;False;11/23/2025 9:30:11 AM:393;1763861411393;;
1114;488;0.6861199;0.5347398;0.62932;0.5468104;465.0;0.2709774;False;11/23/2025 9:30:11 AM:415;1763861411415;;
1109;488;0.6831157;0.534954;0.6266505;0.5417652;464.7;0.2753525;False;11/23/2025 9:30:11 AM:437;1763861411437;;
1100;503;0.6779523;0.5508183;0.6079782;0.6757581;465.8;0.2697168;False;11/23/2025 9:30:11 AM:460;1763861411460;;
1097;524;0.6759157;0.5737211;0.6252622;0.7317032;466.7;0.2687491;False;11/23/2025 9:30:11 AM:482;1763861411482;;
1091;531;0.6723665;0.5817797;0.6079556;0.6757102;467.6;0.2700142;False;11/23/2025 9:30:11 AM:503;1763861411503;;
1091;560;0.6723106;0.613687;0.6704622;0.7944064;469.3;0.2660221;False;11/23/2025 9:30:11 AM:528;1763861411528;;
1093;561;0.6731791;0.6139942;0.6876318;0.6248842;472.0;0.271917;False;11/23/2025 9:30:11 AM:558;1763861411558;;
1082;557;0.6665831;0.6098002;0.5898963;0.5282121;471.4;0.2806545;False;11/23/2025 9:30:11 AM:582;1763861411582;;
1085;556;0.6684579;0.6091124;0.6997119;0.5664231;471.6;0.272893;False;11/23/2025 9:30:11 AM:602;1763861411602;;
1087;555;0.6695556;0.6072885;0.6933976;0.5444424;471.9;0.2747929;False;11/23/2025 9:30:11 AM:623;1763861411623;;
1087;554;0.6697065;0.606903;0.6761855;0.569485;471.5;0.2580634;False;11/23/2025 9:30:11 AM:648;1763861411648;;
1088;574;0.670016;0.6281407;0.6814837;0.774362;471.3;0.2587062;False;11/23/2025 9:30:11 AM:671;1763861411671;;
1090;592;0.6716449;0.6479861;0.704069;0.7963055;471.1;0.2601952;False;11/23/2025 9:30:11 AM:693;1763861411693;;
1085;606;0.6681842;0.6634681;0.6164147;0.7945248;472.6;0.2487825;False;11/23/2025 9:30:11 AM:716;1763861411716;;
1080;626;0.6655725;0.6856394;0.6169522;0.8513616;477.7;0.2661741;False;11/23/2025 9:30:11 AM:737;1763861411737;;
1076;645;0.662657;0.7067549;0.6102245;0.8688396;482.3;0.2683901;False;11/23/2025 9:30:11 AM:758;1763861411758;;
1068;647;0.6580911;0.7085722;0.5949177;0.7530184;490.6;0.2296342;False;11/23/2025 9:30:11 AM:780;1763861411780;;
1063;649;0.654632;0.7107718;0.5961894;0.7636034;489.0;0.2303053;False;11/23/2025 9:30:11 AM:802;1763861411802;;
1058;651;0.6519775;0.7124715;0.5960975;0.763519;487.6;0.2311087;False;11/23/2025 9:30:11 AM:821;1763861411821;;
1058;639;0.6518849;0.7001335;0.6419346;0.571878;487.4;0.2051166;False;11/23/2025 9:30:11 AM:843;1763861411843;;
1054;640;0.6490197;0.7010489;0.5931435;0.7366676;492.1;0.2100174;False;11/23/2025 9:30:11 AM:864;1763861411864;;
1051;643;0.6473195;0.7041095;0.5988779;0.7735273;496.2;0.2101954;False;11/23/2025 9:30:11 AM:884;1763861411884;;
1050;637;0.6469125;0.6974367;0.616083;0.606454;497.0;0.2142018;False;11/23/2025 9:30:11 AM:906;1763861411906;;
1050;632;0.6465729;0.69213;0.6160951;0.6064476;497.6;0.2142328;False;11/23/2025 9:30:11 AM:926;1763861411926;;
1049;638;0.6464579;0.6983356;0.6301196;0.7897611;494.4;0.2264272;False;11/23/2025 9:30:11 AM:947;1763861411947;;
1049;649;0.6464702;0.7104072;0.6469712;0.8437953;491.5;0.2277155;False;11/23/2025 9:30:11 AM:967;1763861411967;;
1056;628;0.6506417;0.6877167;0.6971551;0.5239104;489.1;0.2260586;False;11/23/2025 9:30:11 AM:990;1763861411990;;
1059;630;0.6522068;0.6897391;0.6776972;0.7398924;487.3;0.2596526;False;11/23/2025 9:30:12 AM:17;1763861412017;;
1059;636;0.6522352;0.6964144;0.654157;0.7959514;488.9;0.264112;False;11/23/2025 9:30:12 AM:38;1763861412038;;
1059;636;0.6525412;0.6964161;0.6644957;0.6966101;490.4;0.2673531;False;11/23/2025 9:30:12 AM:60;1763861412060;;
1059;650;0.6525199;0.7115628;0.6441395;0.8570322;488.3;0.2875555;False;11/23/2025 9:30:12 AM:82;1763861412082;;
1060;655;0.6529365;0.7171827;0.668026;0.8117292;488.2;0.2663165;False;11/23/2025 9:30:12 AM:104;1763861412104;;
1061;662;0.6536257;0.7245186;0.6747878;0.8335485;488.0;0.2671775;False;11/23/2025 9:30:12 AM:126;1763861412126;;
1059;651;0.6526075;0.7129504;0.6228721;0.5978634;486.7;0.2540537;False;11/23/2025 9:30:12 AM:147;1763861412147;;
1058;651;0.6518511;0.7126099;0.6249158;0.6975819;487.1;0.2369478;False;11/23/2025 9:30:12 AM:167;1763861412167;;
1055;651;0.6501793;0.7129339;0.611621;0.7423936;487.5;0.2370869;False;11/23/2025 9:30:12 AM:190;1763861412190;;
1055;654;0.650156;0.716125;0.645081;0.7913414;488.2;0.2277253;False;11/23/2025 9:30:12 AM:212;1763861412212;;
1053;670;0.6485251;0.7332186;0.6104448;0.8841931;489.0;0.2347126;False;11/23/2025 9:30:12 AM:236;1763861412236;;
1051;680;0.6474033;0.7445085;0.6105419;0.8842853;489.7;0.2335304;False;11/23/2025 9:30:12 AM:255;1763861412255;;
1047;680;0.6452605;0.7446284;0.5994164;0.7597288;497.8;0.252708;False;11/23/2025 9:30:12 AM:280;1763861412280;;
1049;681;0.6465151;0.7455804;0.6695117;0.7939694;497.1;0.1743886;False;11/23/2025 9:30:12 AM:304;1763861412304;;
1045;681;0.6440235;0.7457107;0.5969576;0.7622563;502.7;0.2250446;False;11/23/2025 9:30:12 AM:329;1763861412329;;
1041;683;0.6416076;0.7473584;0.5915112;0.8089907;507.8;0.2260519;False;11/23/2025 9:30:12 AM:351;1763861412351;;
1046;683;0.6442655;0.7479198;0.6815941;0.792847;505.2;0.223923;False;11/23/2025 9:30:12 AM:374;1763861412374;;
1049;687;0.6459819;0.7521284;0.6775467;0.8446162;502.8;0.2243939;False;11/23/2025 9:30:12 AM:395;1763861412395;;
1045;692;0.6437508;0.7571299;0.5984973;0.8567557;503.5;0.2302729;False;11/23/2025 9:30:12 AM:417;1763861412417;;
1048;687;0.6453803;0.7526273;0.6751587;0.6922226;503.0;0.2399931;False;11/23/2025 9:30:12 AM:440;1763861412440;;
1050;684;0.6466482;0.749173;0.6751242;0.6922523;502.5;0.2398822;False;11/23/2025 9:30:12 AM:462;1763861412462;;
1052;656;0.6480828;0.7186292;0.6794528;0.534052;499.9;0.2284907;False;11/23/2025 9:30:12 AM:484;1763861412484;;
1056;629;0.6505743;0.6887658;0.6946271;0.502576;501.7;0.2543377;False;11/23/2025 9:30:12 AM:505;1763861412505;;
1063;622;0.6546087;0.6805269;0.7121582;0.5846215;503.3;0.2557535;False;11/23/2025 9:30:12 AM:525;1763861412525;;
1063;600;0.6547378;0.6571837;0.6677173;0.4915155;505.1;0.2305543;False;11/23/2025 9:30:12 AM:547;1763861412547;;
1063;585;0.6548716;0.640376;0.6684904;0.4999991;505.8;0.2601866;False;11/23/2025 9:30:12 AM:569;1763861412569;;
1063;573;0.6549881;0.6274952;0.6686738;0.4999599;506.3;0.2608308;False;11/23/2025 9:30:12 AM:589;1763861412589;;
1064;549;0.6557868;0.601674;0.6842603;0.4282815;508.0;0.2330475;False;11/23/2025 9:30:12 AM:612;1763861412612;;
1065;546;0.6563311;0.5976993;0.6819317;0.5286886;505.0;0.2630423;False;11/23/2025 9:30:12 AM:634;1763861412634;;
1066;542;0.6569583;0.5940443;0.6858991;0.5219612;502.4;0.2635633;False;11/23/2025 9:30:12 AM:654;1763861412654;;
1086;525;0.669042;0.574991;0.7642655;0.4238173;502.8;0.2883824;False;11/23/2025 9:30:12 AM:678;1763861412678;;
1085;522;0.668689;0.5717483;0.6570749;0.5023906;500.3;0.2471251;False;11/23/2025 9:30:12 AM:699;1763861412699;;
1085;520;0.6684006;0.5690772;0.6572326;0.5023571;498.0;0.2476208;False;11/23/2025 9:30:12 AM:721;1763861412721;;
1086;513;0.6689708;0.5614148;0.6942078;0.4534186;496.0;0.2501542;False;11/23/2025 9:30:12 AM:743;1763861412743;;
1086;509;0.6692007;0.5572696;0.6883072;0.4710056;494.2;0.2505783;False;11/23/2025 9:30:12 AM:764;1763861412764;;
1092;507;0.6725388;0.5554301;0.7283376;0.491969;491.1;0.2544468;False;11/23/2025 9:30:12 AM:786;1763861412786;;
1091;505;0.6719442;0.5535924;0.6554058;0.4876452;488.6;0.2648697;False;11/23/2025 9:30:12 AM:807;1763861412807;;
1091;502;0.6719726;0.5498247;0.6780704;0.4611089;486.4;0.2656293;False;11/23/2025 9:30:12 AM:828;1763861412828;;
1085;502;0.6686212;0.5495091;0.6236763;0.5067047;486.8;0.2564934;False;11/23/2025 9:30:12 AM:851;1763861412851;;
1085;490;0.6686286;0.5363387;0.6700128;0.3894043;487.1;0.2576479;False;11/23/2025 9:30:12 AM:874;1763861412874;;
1087;481;0.6695439;0.5267664;0.6980307;0.39866;487.4;0.2592772;False;11/23/2025 9:30:12 AM:897;1763861412897;;
1085;480;0.6686577;0.5258838;0.6456582;0.465875;488.3;0.2459973;False;11/23/2025 9:30:12 AM:918;1763861412918;;
1050;480;0.6467545;0.5258151;0.5242631;0.5232152;490.9;0.2716677;False;11/23/2025 9:30:12 AM:940;1763861412940;;
974;480;0.6000415;0.5254797;0.4274333;0.4784098;488.0;0.2835883;False;11/23/2025 9:30:12 AM:961;1763861412961;;
921;480;0.5674566;0.5251854;0.4281916;0.4782895;485.5;0.2849001;False;11/23/2025 9:30:12 AM:982;1763861412982;;
921;477;0.5676045;0.5227679;0.6088349;0.4431891;483.8;0.2504171;False;11/23/2025 9:30:13 AM:4;1763861413004;;
923;477;0.5687362;0.522692;0.6236839;0.4840865;482.4;0.2512345;False;11/23/2025 9:30:13 AM:25;1763861413025;;
920;476;0.5666078;0.5214525;0.540397;0.4543296;486.1;0.2740204;False;11/23/2025 9:30:13 AM:46;1763861413046;;
899;476;0.5540656;0.5211278;0.474712;0.4998211;484.1;0.2449547;False;11/23/2025 9:30:13 AM:68;1763861413068;;
885;476;0.5453465;0.5208762;0.4748316;0.4998341;482.3;0.2451348;False;11/23/2025 9:30:13 AM:88;1763861413088;;
885;485;0.5455126;0.5313708;0.5516737;0.6309639;482.1;0.2521921;False;11/23/2025 9:30:13 AM:110;1763861413110;;
879;506;0.541833;0.5543318;0.501204;0.7062743;481.0;0.2530774;False;11/23/2025 9:30:13 AM:134;1763861413134;;
826;506;0.5091426;0.5538906;0.3714888;0.5127251;480.4;0.2657951;False;11/23/2025 9:30:13 AM:156;1763861413156;;
787;505;0.4848083;0.5525935;0.3650864;0.4931094;479.8;0.2663057;False;11/23/2025 9:30:13 AM:176;1763861413176;;
755;504;0.4652481;0.5515441;0.3583139;0.4939981;479.2;0.2667397;False;11/23/2025 9:30:13 AM:197;1763861413197;;
757;502;0.4662546;0.549924;0.5160783;0.4845463;478.5;0.2695206;False;11/23/2025 9:30:13 AM:219;1763861413219;;
756;487;0.4661199;0.5338292;0.4634874;0.3766324;480.7;0.2610767;False;11/23/2025 9:30:13 AM:243;1763861413243;;
756;477;0.4660521;0.5227863;0.464218;0.3766837;482.7;0.2622636;False;11/23/2025 9:30:13 AM:262;1763861413262;;
775;473;0.4772562;0.5185537;0.5784544;0.4233638;481.5;0.2722824;False;11/23/2025 9:30:13 AM:285;1763861413285;;
788;464;0.4855459;0.5079218;0.5790867;0.3648916;481.7;0.2703612;False;11/23/2025 9:30:13 AM:307;1763861413307;;
792;459;0.4879115;0.5031806;0.5470958;0.3962239;481.9;0.2722891;False;11/23/2025 9:30:13 AM:327;1763861413327;;
792;460;0.4881515;0.5039844;0.496886;0.5202128;481.9;0.2710687;False;11/23/2025 9:30:13 AM:352;1763861413352;;
789;474;0.4859271;0.5196475;0.457486;0.6368794;481.0;0.2754733;False;11/23/2025 9:30:13 AM:376;1763861413376;;
785;474;0.4838983;0.5194538;0.4547561;0.5010732;480.3;0.2778863;False;11/23/2025 9:30:13 AM:400;1763861413400;;
784;474;0.4828239;0.5194325;0.4607739;0.4899043;479.7;0.2791537;False;11/23/2025 9:30:13 AM:422;1763861413422;;
783;469;0.4822559;0.5134308;0.4662769;0.4073533;482.6;0.267943;False;11/23/2025 9:30:13 AM:444;1763861413444;;
778;469;0.4793854;0.5132635;0.4394813;0.5048527;484.9;0.2743378;False;11/23/2025 9:30:13 AM:469;1763861413469;;
774;469;0.477122;0.5131314;0.4386242;0.5048664;486.9;0.2733113;False;11/23/2025 9:30:13 AM:492;1763861413492;;
777;463;0.4787132;0.5074418;0.5126349;0.4105117;484.5;0.2738195;False;11/23/2025 9:30:13 AM:517;1763861413517;;
777;457;0.4790556;0.5008693;0.4974414;0.3934609;484.4;0.2550312;False;11/23/2025 9:30:13 AM:541;1763861413541;;
789;459;0.4860611;0.5023522;0.5571673;0.5312117;483.5;0.2866039;False;11/23/2025 9:30:13 AM:565;1763861413565;;
803;459;0.4947749;0.5025114;0.5771229;0.508741;483.8;0.2582988;False;11/23/2025 9:30:13 AM:588;1763861413588;;
811;459;0.4996447;0.5024241;0.5661443;0.4948083;483.9;0.2602245;False;11/23/2025 9:30:13 AM:608;1763861413608;;
818;459;0.5037577;0.5023469;0.5663577;0.4948225;484.1;0.2604851;False;11/23/2025 9:30:13 AM:630;1763861413630;;
846;459;0.5209491;0.5032469;0.633792;0.5288134;486.0;0.2613155;False;11/23/2025 9:30:13 AM:654;1763861413654;;
903;460;0.556316;0.5043464;0.7156665;0.5369007;486.1;0.2816744;False;11/23/2025 9:30:13 AM:676;1763861413676;;
937;463;0.5772991;0.5070873;0.7015651;0.5655956;486.2;0.2831011;False;11/23/2025 9:30:13 AM:697;1763861413697;;
1005;462;0.6190887;0.5063276;0.7779604;0.4716257;484.4;0.2776401;False;11/23/2025 9:30:13 AM:719;1763861413719;;
1016;462;0.6257859;0.5060803;0.6850315;0.4833635;482.1;0.2681161;False;11/23/2025 9:30:13 AM:742;1763861413742;;
1050;451;0.6467821;0.4941011;0.7536155;0.3700258;477.4;0.2751559;False;11/23/2025 9:30:13 AM:766;1763861413766;;
1075;441;0.6624171;0.4827526;0.7623587;0.3496135;473.2;0.2738557;False;11/23/2025 9:30:13 AM:787;1763861413787;;
1078;437;0.6642337;0.4786128;0.6923531;0.3967174;471.5;0.296959;False;11/23/2025 9:30:13 AM:810;1763861413810;;
1096;435;0.6749154;0.4764675;0.7548371;0.4105502;468.1;0.2852994;False;11/23/2025 9:30:13 AM:833;1763861413833;;
1112;435;0.6853154;0.4762321;0.7690802;0.4404095;465.0;0.2868208;False;11/23/2025 9:30:13 AM:854;1763861413854;;
1133;441;0.6981127;0.4831441;0.7867166;0.5650098;461.5;0.2726403;False;11/23/2025 9:30:13 AM:876;1763861413876;;
1142;435;0.7032087;0.4766805;0.7569817;0.379372;461.4;0.2843715;False;11/23/2025 9:30:13 AM:902;1763861413902;;
1142;463;0.703302;0.5066041;0.7095435;0.6808496;462.6;0.2720861;False;11/23/2025 9:30:13 AM:927;1763861413927;;
1142;473;0.7033528;0.5176807;0.7084101;0.6310082;463.8;0.273332;False;11/23/2025 9:30:13 AM:947;1763861413947;;
1144;480;0.7049013;0.5259972;0.7388335;0.6243163;463.7;0.2807602;False;11/23/2025 9:30:13 AM:967;1763861413967;;
1129;514;0.695504;0.562618;0.6115514;0.7730058;464.9;0.2537086;False;11/23/2025 9:30:13 AM:989;1763861413989;;
1117;537;0.6880615;0.5882124;0.6095182;0.7691916;465.9;0.2548383;False;11/23/2025 9:30:14 AM:8;1763861414008;;
1117;559;0.6878849;0.6118985;0.674566;0.7751939;464.8;0.2195847;False;11/23/2025 9:30:14 AM:30;1763861414030;;
1117;566;0.6879097;0.6203123;0.6906992;0.716162;463.9;0.2186278;False;11/23/2025 9:30:14 AM:54;1763861414054;;
1111;581;0.6847146;0.6364695;0.6354123;0.7712485;468.1;0.2525568;False;11/23/2025 9:30:14 AM:77;1763861414077;;
1072;582;0.660221;0.6378382;0.5343861;0.6764515;468.5;0.2390483;False;11/23/2025 9:30:14 AM:101;1763861414101;;
1039;586;0.6402977;0.6415187;0.5235285;0.7109643;468.9;0.2410123;False;11/23/2025 9:30:14 AM:123;1763861414123;;
1014;588;0.6244287;0.643674;0.5258383;0.6971601;467.3;0.2531969;False;11/23/2025 9:30:14 AM:149;1763861414149;;
988;586;0.6084683;0.6417537;0.5120674;0.5982187;472.9;0.2545357;False;11/23/2025 9:30:14 AM:174;1763861414174;;
986;586;0.6077542;0.641412;0.5861183;0.621829;474.5;0.247712;False;11/23/2025 9:30:14 AM:198;1763861414198;;
981;588;0.6045433;0.643936;0.5544274;0.7036813;476.0;0.2492384;False;11/23/2025 9:30:14 AM:219;1763861414219;;
979;605;0.6033529;0.6619573;0.5728095;0.8083252;475.6;0.2473902;False;11/23/2025 9:30:14 AM:245;1763861414245;;
892;616;0.5494348;0.6743458;0.3798749;0.7950332;477.8;0.2825558;False;11/23/2025 9:30:14 AM:271;1763861414271;;
880;597;0.5424498;0.6542516;0.4825336;0.510327;478.8;0.2439568;False;11/23/2025 9:30:14 AM:297;1763861414297;;
879;593;0.5414299;0.6490051;0.5195964;0.5723795;479.8;0.2465844;False;11/23/2025 9:30:14 AM:320;1763861414320;;
873;598;0.5379136;0.6547678;0.4926061;0.7405989;481.6;0.2480263;False;11/23/2025 9:30:14 AM:343;1763861414343;;
873;595;0.5379183;0.6511965;0.538881;0.5873787;480.7;0.2501755;False;11/23/2025 9:30:14 AM:368;1763861414368;;
874;605;0.5382107;0.6623363;0.5554132;0.7831181;478.5;0.2293076;False;11/23/2025 9:30:14 AM:390;1763861414390;;
874;613;0.5386794;0.671032;0.5612811;0.7850447;476.6;0.2309182;False;11/23/2025 9:30:14 AM:411;1763861414411;;
886;613;0.5461307;0.67106;0.6212456;0.6762719;474.0;0.261249;False;11/23/2025 9:30:14 AM:434;1763861414434;;
896;613;0.5520453;0.6710842;0.6212437;0.6762669;471.8;0.2612745;False;11/23/2025 9:30:14 AM:457;1763861414457;;
891;601;0.5491907;0.6585739;0.5087814;0.5379229;472.1;0.2492384;False;11/23/2025 9:30:14 AM:481;1763861414481;;
869;589;0.5356163;0.6449946;0.4456464;0.5205995;473.2;0.2601775;False;11/23/2025 9:30:14 AM:505;1763861414505;;
847;584;0.5221002;0.6392978;0.4256508;0.5502453;474.2;0.2598594;False;11/23/2025 9:30:14 AM:526;1763861414526;;
849;583;0.522868;0.638305;0.5498132;0.5994971;474.6;0.2419192;False;11/23/2025 9:30:14 AM:549;1763861414549;;
843;559;0.5194468;0.6122919;0.4745102;0.4348419;475.8;0.2375052;False;11/23/2025 9:30:14 AM:574;1763861414574;;
832;573;0.5123199;0.6275901;0.4460297;0.7563365;474.9;0.2510846;False;11/23/2025 9:30:14 AM:598;1763861414598;;
825;584;0.5080239;0.6392336;0.4526396;0.7591634;474.1;0.2501589;False;11/23/2025 9:30:14 AM:621;1763861414621;;
831;584;0.5122367;0.6393675;0.5621226;0.6528017;474.0;0.2389782;False;11/23/2025 9:30:14 AM:648;1763861414648;;
825;565;0.5082136;0.618947;0.4591966;0.4748059;474.9;0.2372292;False;11/23/2025 9:30:14 AM:676;1763861414676;;
777;565;0.4789793;0.6189518;0.3446323;0.6210406;476.0;0.2425229;False;11/23/2025 9:30:14 AM:701;1763861414701;;
785;553;0.4836541;0.6052693;0.5435491;0.4762351;475.4;0.2725624;False;11/23/2025 9:30:14 AM:724;1763861414724;;
788;553;0.4857562;0.6051279;0.5295459;0.5885452;474.9;0.2737221;False;11/23/2025 9:30:14 AM:747;1763861414747;;
793;558;0.4888535;0.610858;0.542018;0.6937675;474.2;0.2616395;False;11/23/2025 9:30:14 AM:769;1763861414769;;
792;545;0.4876997;0.5971361;0.4652281;0.4703827;474.3;0.2526351;False;11/23/2025 9:30:14 AM:795;1763861414795;;
790;537;0.4869242;0.5881422;0.4654063;0.4703927;474.3;0.2530148;False;11/23/2025 9:30:14 AM:814;1763861414814;;
794;519;0.48933;0.5683205;0.53543;0.4062187;472.0;0.2540676;False;11/23/2025 9:30:14 AM:837;1763861414837;;
803;519;0.4945318;0.568153;0.55452;0.5480684;472.5;0.264952;False;11/23/2025 9:30:14 AM:865;1763861414865;;
808;519;0.4978067;0.5682314;0.5539791;0.5742253;473.0;0.2681915;False;11/23/2025 9:30:14 AM:887;1763861414887;;
808;519;0.4978906;0.5682229;0.5048685;0.5670285;472.7;0.2514694;False;11/23/2025 9:30:14 AM:913;1763861414913;;
861;515;0.5307372;0.5636541;0.6822584;0.4817629;473.0;0.2667656;False;11/23/2025 9:30:14 AM:935;1763861414935;;
909;509;0.5597851;0.5576133;0.6936136;0.4646369;473.2;0.265714;False;11/23/2025 9:30:14 AM:960;1763861414960;;
